order_id,customer_id,order_date,revenue,product_category,country,email,age
1,271.0,8.5.2023,262.53,elecronics,United States,,55.0
2,,неизвестно,140.94,beauty,America,user976@,20.0
3,135.0,,177.72,cloting,RUSSIA,invalid_email,64.0
4,81.0,неизвестно,78.22,elecronics,Germany,invalid_email,25.0
5,252.0,2023-08-21,119.89,Книги,US,user157@gmail.com,18.0
6,63.0,19.1.2023,279.36,cloting,USA,user840gmail.com,41.0
7,172.0,3.1.2023,222.08,bokks,USA,user393gmail.com,49.0
8,52.0,,134.91,BOOKS,Россия,user839@,59.0
9,134.0,неизвестно,171.02,clothing,Russia,user385@gmail.com,56.0
10,137.0,,67.12,cloting,,invalid_email,20.0
11,113.0,2023-11-17,116.62,ELECTRONICS,RUSSIA,invalid_email,34.0
12,280.0,,45.28,ELECTRONICS,US,,53.0
13,,19.4.2023,128.29,Красота,United States,user641@gmail.com,47.0
14,263.0,неизвестно,93.03,ELECTRONICS,DE,,58.0
15,208.0,20.8.2023,281.98,elecronics,Russian Federation,user254@,42.0
16,,2/22/2023,25.06,bokks,DE,user896@,29.0
17,22.0,,118.02,ELECTRONICS,Германия,invalid_email,52.0
18,17.0,неизвестно,123.64,cloting,RU,,69.0
19,161.0,18.9.2023,39.72,Красота,Германия,user962@,57.0
20,299.0,,191.22,clothing,Россия,invalid_email,
21,288.0,25.10.2023,28.54,BEAUTY ,America,user54@,61.0
22,103.0,неизвестно,215.86,Одежда,DE,user370gmail.com,36.0
23,229.0,5/23/2023,276.26,BOOK,RUSSIA,user96@gmail.com,33.0
24,192.0,,119.67,Eletronics,germany,user220@gmail.com,22.0
25,218.0,5/7/2023,33.46,Eletronics,Россия,user180gmail.com,18.0
26,4.0,1/28/2023,128.69,ELECTRONICS,Russia,,57.0
27,44.0,,,beuty,russia,,
28,105.0,неизвестно,30.97,elecronics,America,user920@,35.0
29,96.0,,86.71,beauty,,user62@gmail.com,66.0
30,233.0,12.9.2023,180.56,BOOK,DE,invalid_email,53.0
31,144.0,2023-07-13,35.64,Электроника,США,invalid_email,34.0
32,7.0,,61.05,Eletronics,Russian Federation,,24.0
33,132.0,неизвестно,176.35,,USA,,37.0
34,1.0,13.12.2023,263.21,CLOTHING,Russian Federation,,38.0
35,229.0,неизвестно,196.23,bokks,Германия,user373@,29.0
36,272.0,неизвестно,201.12,Одежда,RU,user704@,50.0
37,220.0,,136.66,Eletronics,Германия,user450gmail.com,50.0
38,146.0,2023-11-21,179.34,ELECTRONICS,RUSSIA,user105@gmail.com,45.0
39,133.0,21.7.2023,89.26,bokks,US,,66.0
40,34.0,неизвестно,153.34,Электроника,Germany,,34.0
41,207.0,,58.18,electronics,Russian Federation,user850@,55.0
42,30.0,3/17/2023,157.79,BEAUTY ,RU,user774gmail.com,65.0
43,111.0,2023-07-23,70.42,elecronics,russia,,68.0
44,,,173.64,Eletronics,US,user346gmail.com,44.0
45,,2023-09-22,37.1,elecronics,Russia,,39.0
46,28.0,10/14/2023,256.44,BOOKS,Германия,user506@,54.0
47,39.0,2023-01-07,116.02,elecronics,America,user233gmail.com,51.0
48,236.0,10.9.2023,88.42,Книги,Russian Federation,,65.0
49,95.0,2023-07-03,51.37,electronics,США,user4@gmail.com,19.0
50,26.0,13.12.2023,75.86,BEAUTY ,,user559gmail.com,28.0
51,259.0,2023-06-18,76.48,Одежда,RUSSIA,,-5.0
52,38.0,17.5.2023,224.64,cloting,RUSSIA,user588@gmail.com,46.0
53,229.0,неизвестно,206.26,elecronics,GERMANY,user402@,32.0
54,145.0,2023-07-02,52.73,CLOTHING,russia,user179gmail.com,46.0
55,231.0,4.6.2023,60.08,elecronics,RUSSIA,user517gmail.com,48.0
56,216.0,неизвестно,84.19,books,GERMANY,user95@,60.0
57,148.0,10.8.2023,285.24,books,GERMANY,user616@gmail.com,60.0
58,133.0,,189.88,beuty,germany,user726@,38.0
59,182.0,2023-01-22,35.33,cloting,America,user313gmail.com,42.0
60,294.0,7/18/2023,29.2,beuty,USA,user180@gmail.com,39.0
61,49.0,2023-04-09,299.12,beauty,USA,user141@,49.0
62,286.0,18.1.2023,143.41,Красота,Russian Federation,user947@gmail.com,20.0
63,162.0,неизвестно,262.76,Одежда,Russia,user835@,64.0
64,51.0,2023-12-15,188.9,bokks,США,,65.0
65,263.0,2023-07-21,138.0,electronics,Russia,user916@,40.0
66,,неизвестно,142.12,books,russia,invalid_email,63.0
67,224.0,2023-02-19,132.71,cloting,США,user4gmail.com,54.0
68,,5/10/2023,202.4,books,America,user342@gmail.com,51.0
69,173.0,2023-10-21,66.56,BOOKS,Russia,user292@,57.0
70,164.0,2023-11-07,287.14,Eletronics,Russia,invalid_email,34.0
71,201.0,2/21/2023,217.38,Одежда,America,user803@,
72,102.0,12/19/2023,241.2,beauty,Германия,user592@,40.0
73,198.0,2023-02-25,207.58,,DE,user401gmail.com,31.0
74,7.0,2023-03-16,228.62,BEAUTY ,USA,user402gmail.com,41.0
75,188.0,,222.93,books,USA,invalid_email,35.0
76,108.0,7/3/2023,168.1,Электроника,USA,user814@gmail.com,33.0
77,239.0,2023-10-25,20.94,Книги,germany,user670gmail.com,18.0
78,73.0,2023-09-24,92.52,CLOTHING,USA,user302@,24.0
79,59.0,неизвестно,53.69,BOOKS,RUSSIA,user825@gmail.com,22.0
80,47.0,2023-09-03,164.27,Красота,,user160@,64.0
81,,неизвестно,94.37,cloting,russia,user738gmail.com,22.0
82,226.0,неизвестно,158.85,CLOTHING,RU,invalid_email,57.0
83,115.0,3/24/2023,225.49,beuty,DE,user353@,60.0
84,181.0,4/27/2023,264.12,beuty,America,,53.0
85,77.0,,111.4,cloting,,invalid_email,-5.0
86,74.0,2023-02-28,282.42,elecronics,Россия,invalid_email,18.0
87,120.0,18.2.2023,201.32,BEAUTY ,Germany,user7@gmail.com,68.0
88,26.0,2/4/2023,242.55,BOOKS,RUSSIA,user84@,61.0
89,,,131.33,Eletronics,russia,invalid_email,52.0
90,,2023-08-12,64.59,beauty,United States,user27gmail.com,61.0
91,,неизвестно,20.34,clothing,,invalid_email,39.0
92,117.0,8/8/2023,,Красота,germany,user166@,55.0
93,267.0,24.9.2023,159.69,BEAUTY ,Russia,user936gmail.com,50.0
94,77.0,неизвестно,76.24,Красота,Германия,invalid_email,20.0
95,9.0,2023-07-09,244.48,BOOK,USA,invalid_email,20.0
96,,неизвестно,89.19,Книги,GERMANY,invalid_email,49.0
97,82.0,3/22/2023,42.83,beuty,russia,user445@gmail.com,38.0
98,24.0,неизвестно,161.36,Красота,,invalid_email,53.0
99,262.0,3/19/2023,150.43,BOOK,Russia,invalid_email,61.0
100,2.0,,263.81,BOOK,germany,invalid_email,42.0
101,66.0,5.5.2023,291.55,BOOK,США,user707gmail.com,58.0
102,276.0,12.1.2023,189.55,BOOK,RU,user204@gmail.com,64.0
103,108.0,20.2.2023,34.48,ELECTRONICS,russia,user757@,31.0
104,276.0,,,Красота,USA,user495@,37.0
105,126.0,,65.47,ELECTRONICS,United States,,18.0
106,218.0,10.2.2023,235.19,Одежда,germany,user1@,65.0
107,90.0,неизвестно,262.6,BEAUTY,GERMANY,user585@gmail.com,55.0
108,102.0,6.2.2023,248.99,clothing,Германия,,50.0
109,291.0,неизвестно,3348.2468308046036,Одежда,germany,user974@gmail.com,65.0
110,117.0,,182.45,books,Россия,user43gmail.com,38.0
111,117.0,неизвестно,75.2,Книги,RUSSIA,,64.0
112,136.0,4/18/2023,166.29,clothing,Germany,user586@gmail.com,53.0
113,263.0,2023-12-24,,cloting,US,user10gmail.com,41.0
114,154.0,5.4.2023,206.91,Красота,Россия,user993gmail.com,61.0
115,119.0,,189.99,BOOKS,America,,52.0
116,146.0,10.6.2023,,bokks,Россия,,50.0
117,73.0,2023-11-06,38.93,Eletronics,Germany,user160gmail.com,20.0
118,130.0,неизвестно,150.26,Одежда,Germany,,33.0
119,158.0,2023-07-16,2203.41243341302,Одежда,russia,invalid_email,
120,248.0,неизвестно,91.97,Одежда,USA,invalid_email,31.0
121,151.0,2/9/2023,105.55,BEAUTY ,Россия,user262@,54.0
122,12.0,2023-10-06,263.06,CLOTHING,russia,user848@gmail.com,
123,206.0,неизвестно,154.22,ELECTRONICS,Россия,,23.0
124,117.0,8/21/2023,173.87,Книги,germany,invalid_email,
125,,12/23/2023,148.74,electronics,США,user690@gmail.com,38.0
126,190.0,7.12.2023,85.14,BEAUTY ,Россия,user422gmail.com,52.0
127,92.0,,57.47,CLOTHING,Германия,user650gmail.com,30.0
128,,5/21/2023,50.73,BOOKS,Россия,invalid_email,46.0
129,42.0,,204.43,cloting,Russia,,57.0
130,203.0,8/27/2023,146.17,Книги,RU,,
131,109.0,24.3.2023,4826.0055931979205,Одежда,germany,user436@,60.0
132,261.0,6/15/2023,235.38,cloting,RUSSIA,user463@gmail.com,58.0
133,119.0,10/21/2023,156.08,BEAUTY,RUSSIA,user523@gmail.com,42.0
134,124.0,9/18/2023,75.29,bokks,,user917gmail.com,66.0
135,18.0,,223.98,clothing,Germany,user256@,30.0
136,29.0,,161.64,books,GERMANY,,36.0
137,30.0,неизвестно,149.24,BEAUTY,United States,user261@,49.0
138,10.0,,119.51,Книги,US,user932gmail.com,
139,14.0,2023-02-21,105.57,beuty,RU,,52.0
140,230.0,,1713.4903372293193,,Russian Federation,user942@gmail.com,24.0
141,14.0,24.5.2023,188.98,electronics,,,48.0
142,19.0,,44.81,BEAUTY ,,user763@,50.0
143,260.0,неизвестно,255.14,BOOKS,USA,,67.0
144,107.0,2023-06-13,35.72,Электроника,germany,,22.0
145,90.0,неизвестно,238.46,elecronics,Russian Federation,invalid_email,37.0
146,36.0,,93.28,Электроника,germany,user906gmail.com,26.0
147,184.0,20.2.2023,135.11,clothing,Russian Federation,user978@,24.0
148,154.0,неизвестно,294.27,Eletronics,russia,user599@gmail.com,29.0
149,161.0,5/4/2023,172.63,electronics,США,user681@gmail.com,23.0
150,5.0,6/16/2023,148.85,clothing,Germany,invalid_email,68.0
151,32.0,,165.43,Одежда,Германия,user604@,45.0
152,66.0,2023-08-03,49.53,BEAUTY ,США,user307@,41.0
153,297.0,неизвестно,74.84,bokks,United States,invalid_email,33.0
154,259.0,18.11.2023,71.58,Eletronics,DE,user260@,63.0
155,129.0,,66.47,CLOTHING,RU,invalid_email,22.0
156,265.0,неизвестно,296.66,electronics,Германия,,29.0
157,277.0,неизвестно,59.75,cloting,Германия,user338@gmail.com,34.0
158,139.0,3.1.2023,212.17,BOOK,USA,invalid_email,20.0
159,294.0,,282.73,books,,invalid_email,50.0
160,219.0,27.2.2023,173.06,Электроника,germany,user507@gmail.com,
161,150.0,2023-03-14,25.04,clothing,germany,invalid_email,64.0
162,120.0,,23.47,BEAUTY ,germany,user203@gmail.com,21.0
163,264.0,9/14/2023,168.77,beauty,DE,user35@,38.0
164,276.0,,274.7,elecronics,russia,user977@gmail.com,57.0
165,76.0,2023-03-26,144.67,beuty,Россия,invalid_email,20.0
166,194.0,11/23/2023,269.61,Красота,,user780gmail.com,59.0
167,93.0,,98.59,beauty,GERMANY,user701@gmail.com,
168,90.0,,32.43,cloting,US,user344@gmail.com,56.0
169,39.0,,280.24,Книги,Russia,invalid_email,62.0
170,240.0,2023-10-07,20.59,Книги,Германия,invalid_email,47.0
171,82.0,,39.88,beuty,Германия,,28.0
172,210.0,22.9.2023,53.76,electronics,Russian Federation,user912gmail.com,52.0
173,213.0,2023-09-23,258.52,elecronics,russia,,61.0
174,195.0,неизвестно,269.1,elecronics,Russia,invalid_email,18.0
175,148.0,10.12.2023,-44.72870526056043,BOOKS,,,29.0
176,31.0,неизвестно,293.69,Электроника,США,user666@,44.0
177,262.0,15.5.2023,287.66,Eletronics,russia,user646gmail.com,30.0
178,126.0,неизвестно,294.43,cloting,,,59.0
179,109.0,26.1.2023,252.59,elecronics,Russia,,28.0
180,273.0,28.2.2023,76.37,Одежда,RU,user164@,51.0
181,173.0,неизвестно,36.17,BEAUTY ,US,user558@gmail.com,61.0
182,70.0,4/6/2023,189.61,beuty,,user974@,64.0
183,163.0,2023-08-20,3560.793246238495,ELECTRONICS,United States,user806@,63.0
184,208.0,6/22/2023,103.83,BEAUTY,Germany,user664@,64.0
185,264.0,1/8/2023,253.56,ELECTRONICS,Германия,,18.0
186,194.0,2023-02-14,,BOOKS,russia,invalid_email,62.0
187,123.0,8/17/2023,34.06,electronics,GERMANY,invalid_email,40.0
188,55.0,22.7.2023,294.11,beuty,,user23gmail.com,69.0
189,14.0,12/14/2023,165.65,Книги,United States,user12gmail.com,28.0
190,49.0,2023-01-26,270.8,Красота,United States,invalid_email,28.0
191,107.0,9.11.2023,284.04,beuty,,invalid_email,40.0
192,217.0,7/21/2023,233.09,beauty,Россия,user431@gmail.com,29.0
193,101.0,неизвестно,197.64,Электроника,Germany,user873@gmail.com,53.0
194,16.0,2023-09-06,209.79,Книги,GERMANY,invalid_email,61.0
195,28.0,2023-04-21,51.22,,Germany,,39.0
196,138.0,25.3.2023,22.78,BOOKS,Россия,user378@gmail.com,64.0
197,92.0,12/27/2023,122.97,Eletronics,Russian Federation,,24.0
198,126.0,неизвестно,2199.2021102609433,elecronics,GERMANY,user623@,50.0
199,45.0,4.8.2023,155.54,BOOK,Germany,user218@gmail.com,37.0
200,143.0,неизвестно,193.53,,GERMANY,,48.0
201,49.0,неизвестно,36.98,bokks,,invalid_email,50.0
202,226.0,,280.02,Красота,germany,user909@,61.0
203,108.0,2023-01-16,204.55,cloting,DE,user252@,28.0
204,274.0,23.7.2023,,books,RUSSIA,,25.0
205,8.0,неизвестно,65.56,Красота,Germany,invalid_email,59.0
206,216.0,12/8/2023,140.04,Электроника,Germany,invalid_email,44.0
207,129.0,2023-07-17,36.16,clothing,germany,invalid_email,35.0
208,114.0,2023-10-26,81.84,cloting,RU,user193gmail.com,21.0
209,139.0,21.3.2023,140.43,clothing,United States,invalid_email,67.0
210,221.0,2023-03-16,39.32,BOOK,russia,user707@,51.0
211,24.0,4/3/2023,101.21,Книги,RU,user863@gmail.com,-5.0
212,138.0,,,BOOK,Россия,user38@,22.0
213,30.0,,123.86,BOOK,Россия,,33.0
214,287.0,10/27/2023,195.96,beauty,Россия,user560@gmail.com,66.0
215,217.0,4.1.2023,220.01,CLOTHING,Russia,,58.0
216,141.0,неизвестно,223.58,BOOK,GERMANY,user183@gmail.com,49.0
217,43.0,неизвестно,256.12,elecronics,Russian Federation,user945@,33.0
218,13.0,19.12.2023,209.6,books,RUSSIA,user376@gmail.com,20.0
219,83.0,18.4.2023,100.54,BOOKS,RU,user283@gmail.com,22.0
220,59.0,2023-02-16,77.51,clothing,Россия,user84@,37.0
221,202.0,2023-09-08,291.79,Eletronics,US,invalid_email,29.0
222,266.0,9/3/2023,291.19,BOOKS,USA,invalid_email,61.0
223,290.0,6.11.2023,107.61,elecronics,RUSSIA,user65@,32.0
224,48.0,,210.43,ELECTRONICS,,user301@gmail.com,27.0
225,237.0,6/16/2023,111.57,BEAUTY ,Германия,user605@,
226,273.0,25.9.2023,75.8,BOOK,Германия,,28.0
227,161.0,16.2.2023,127.32,elecronics,GERMANY,user686gmail.com,44.0
228,179.0,1/9/2023,262.25,ELECTRONICS,RU,user568@,60.0
229,230.0,8/4/2023,137.43,BOOKS,GERMANY,,
230,129.0,14.6.2023,64.93,Eletronics,,user860gmail.com,37.0
231,69.0,2023-04-12,119.93,BEAUTY ,GERMANY,,59.0
232,97.0,2023-05-09,166.05,Eletronics,America,user76@,
233,239.0,,157.03,Книги,,user616gmail.com,47.0
234,289.0,2023-11-10,183.0,electronics,US,user11@,41.0
235,137.0,2023-01-19,77.03,electronics,GERMANY,,66.0
236,295.0,1/7/2023,236.44,clothing,Russia,user529@,32.0
237,282.0,неизвестно,230.74,BEAUTY,US,user499@gmail.com,36.0
238,271.0,11.5.2023,,BEAUTY,RUSSIA,invalid_email,32.0
239,49.0,,84.83,,russia,user694@,69.0
240,,27.11.2023,196.96,electronics,Германия,user48@gmail.com,62.0
241,209.0,5.3.2023,74.59,CLOTHING,,user991@,59.0
242,62.0,12/10/2023,184.78,Одежда,GERMANY,invalid_email,33.0
243,2.0,12/19/2023,96.14,CLOTHING,Германия,,45.0
244,110.0,,237.5,BOOK,Россия,invalid_email,50.0
245,257.0,,88.15,Eletronics,germany,user690@gmail.com,57.0
246,104.0,,181.48,CLOTHING,DE,user652@,27.0
247,,3.1.2023,133.68,BEAUTY,russia,user166gmail.com,32.0
248,3.0,,297.39,beuty,США,user573@,40.0
249,110.0,7/28/2023,294.71,elecronics,,user170@gmail.com,35.0
250,182.0,8/23/2023,200.39,cloting,America,invalid_email,39.0
251,209.0,,26.99,BOOKS,Германия,invalid_email,43.0
252,293.0,2023-06-02,119.38,BEAUTY ,United States,user29@gmail.com,33.0
253,235.0,,244.02,cloting,russia,user212gmail.com,25.0
254,222.0,неизвестно,207.41,,germany,invalid_email,67.0
255,52.0,,52.04,books,United States,,56.0
256,125.0,,61.14,CLOTHING,RUSSIA,invalid_email,55.0
257,128.0,12.12.2023,105.81,,RUSSIA,user777@gmail.com,57.0
258,106.0,,74.65,Красота,GERMANY,invalid_email,24.0
259,48.0,7/7/2023,75.0,beauty,,,48.0
260,39.0,2023-11-06,259.19,Электроника,GERMANY,,23.0
261,99.0,3/27/2023,114.54,BEAUTY ,US,user766gmail.com,21.0
262,,2/17/2023,148.33,BOOK,GERMANY,user920gmail.com,25.0
263,111.0,13.7.2023,4090.065144317616,BEAUTY,RUSSIA,user758@gmail.com,67.0
264,94.0,11/21/2023,83.49,BOOK,US,,
265,137.0,2023-12-03,150.39,Книги,germany,user72@,57.0
266,139.0,17.1.2023,280.16,CLOTHING,Russian Federation,user192@,52.0
267,149.0,2.8.2023,209.98,CLOTHING,RUSSIA,user293@,66.0
268,58.0,,3864.199892968578,cloting,Россия,user494@,57.0
269,284.0,2023-10-18,282.92,Красота,Россия,user934@gmail.com,48.0
270,142.0,,151.87,,US,user916gmail.com,20.0
271,113.0,12.9.2023,267.68,BEAUTY ,Germany,user471@gmail.com,20.0
272,116.0,,157.99,bokks,Германия,user302@gmail.com,60.0
273,91.0,5/28/2023,135.04,,,,54.0
274,237.0,,215.92,beuty,США,user108gmail.com,45.0
275,103.0,5/24/2023,213.76,Одежда,RU,user111@gmail.com,38.0
276,22.0,13.8.2023,63.69,CLOTHING,,user429@,32.0
277,283.0,,53.22,beauty,RUSSIA,user815gmail.com,67.0
278,273.0,2023-07-12,205.3,beauty,russia,user612@,57.0
279,145.0,18.1.2023,170.58,Eletronics,DE,user836@,21.0
280,284.0,,291.23,cloting,USA,invalid_email,33.0
281,230.0,2/5/2023,270.21,Eletronics,Russian Federation,invalid_email,49.0
282,271.0,9/5/2023,176.63,,США,invalid_email,36.0
283,214.0,22.1.2023,297.29,Электроника,US,user316@gmail.com,26.0
284,83.0,,136.81,electronics,GERMANY,user248@gmail.com,63.0
285,127.0,2023-09-14,85.8,Книги,USA,user721gmail.com,28.0
286,243.0,3/21/2023,107.84,BOOK,DE,,
287,283.0,неизвестно,82.81,elecronics,United States,invalid_email,29.0
288,151.0,7/13/2023,155.63,BOOK,germany,user787gmail.com,69.0
289,281.0,неизвестно,251.66,Книги,RUSSIA,,64.0
290,231.0,19.6.2023,208.47,elecronics,RU,user638@,46.0
291,77.0,9/10/2023,118.51,Электроника,RUSSIA,user884gmail.com,49.0
292,245.0,24.1.2023,166.61,books,,user225@gmail.com,24.0
293,280.0,неизвестно,208.67,Книги,russia,user490@,33.0
294,,неизвестно,213.86,Одежда,Russia,user361gmail.com,62.0
295,242.0,27.9.2023,135.18,cloting,Germany,user858@gmail.com,
296,124.0,неизвестно,290.28,BOOK,Germany,,63.0
297,146.0,10/12/2023,223.51,BEAUTY,Россия,user440@gmail.com,55.0
298,123.0,5.4.2023,31.89,books,DE,,61.0
299,44.0,5/13/2023,103.66,BOOKS,Russia,user245@gmail.com,40.0
300,251.0,неизвестно,173.68,electronics,GERMANY,user837@gmail.com,61.0
301,75.0,22.10.2023,109.61,BOOK,Russia,invalid_email,68.0
302,188.0,5.11.2023,245.15,beuty,Russian Federation,,45.0
303,43.0,8.4.2023,103.46,Книги,US,user211@,31.0
304,,11/11/2023,90.65,CLOTHING,,user577@,64.0
305,267.0,,114.44,beuty,RU,user46@gmail.com,69.0
306,75.0,2023-07-14,241.2,Красота,США,user367@gmail.com,53.0
307,35.0,неизвестно,132.2,BOOK,germany,user947gmail.com,69.0
308,87.0,2023-10-07,153.68,clothing,DE,user742@,51.0
309,,неизвестно,186.66,cloting,russia,user920@,60.0
310,146.0,неизвестно,141.18,elecronics,RU,user551gmail.com,47.0
311,203.0,12/12/2023,283.45,ELECTRONICS,GERMANY,user44@,54.0
312,,1/10/2023,,cloting,Germany,user161@,69.0
313,,неизвестно,127.3,Eletronics,Russia,user955gmail.com,21.0
314,93.0,12/6/2023,,BEAUTY,germany,invalid_email,62.0
315,215.0,,206.63,BOOK,USA,user879@,32.0
316,111.0,,74.37,BOOK,Россия,,20.0
317,15.0,9/22/2023,284.87,bokks,United States,user369gmail.com,43.0
318,279.0,6.5.2023,175.32,Красота,Германия,invalid_email,
319,6.0,,243.3,electronics,America,invalid_email,28.0
320,26.0,,293.9,beuty,Germany,invalid_email,69.0
321,177.0,,173.6,Книги,DE,,39.0
322,232.0,,207.38,BOOKS,США,,50.0
323,103.0,13.12.2023,,,USA,user340@,62.0
324,21.0,8/16/2023,275.35,beauty,US,user537gmail.com,55.0
325,75.0,8/3/2023,195.19,beauty,GERMANY,invalid_email,60.0
326,226.0,,275.65,ELECTRONICS,America,invalid_email,42.0
327,134.0,,44.58,,America,invalid_email,48.0
328,,2023-09-26,268.13,Eletronics,Германия,,27.0
329,105.0,16.9.2023,-91.29012646102366,,GERMANY,invalid_email,26.0
330,130.0,неизвестно,281.67,bokks,RU,user89gmail.com,62.0
331,13.0,7/28/2023,139.69,BEAUTY ,RU,invalid_email,33.0
332,15.0,2023-12-23,199.64,beuty,,user111@,69.0
333,273.0,,61.07,Красота,Russian Federation,user285@gmail.com,68.0
334,284.0,11.6.2023,2781.638084423147,BEAUTY,USA,user328@,24.0
335,157.0,неизвестно,260.71,ELECTRONICS,DE,user230@gmail.com,50.0
336,165.0,2023-11-17,218.63,Электроника,germany,,41.0
337,50.0,6/27/2023,89.66,BOOK,GERMANY,,
338,1.0,12/14/2023,266.38,CLOTHING,germany,user347gmail.com,47.0
339,85.0,,201.65,beauty,США,user848gmail.com,47.0
340,69.0,неизвестно,2505.659850082776,Eletronics,United States,user713@gmail.com,39.0
341,278.0,7/6/2023,84.92,ELECTRONICS,Россия,user82@,45.0
342,228.0,неизвестно,73.17,beauty,GERMANY,,59.0
343,146.0,26.2.2023,296.33,Одежда,Russian Federation,invalid_email,60.0
344,9.0,15.12.2023,,BEAUTY ,Russian Federation,user840@gmail.com,24.0
345,185.0,неизвестно,273.48,beuty,US,user610gmail.com,31.0
346,207.0,24.7.2023,73.24,BEAUTY ,Russian Federation,user933@gmail.com,61.0
347,54.0,12/1/2023,,clothing,Germany,user327gmail.com,31.0
348,96.0,2.10.2023,203.32,cloting,Russia,user751gmail.com,62.0
349,23.0,7/15/2023,70.15,Eletronics,RUSSIA,,40.0
350,97.0,2023-09-23,278.74,cloting,Russia,user270gmail.com,53.0
351,209.0,2023-10-19,188.26,cloting,Германия,user574@gmail.com,19.0
352,114.0,,,ELECTRONICS,США,user101@,41.0
353,120.0,2023-01-24,-53.54741969778803,cloting,Россия,user273gmail.com,28.0
354,183.0,,66.54,Eletronics,GERMANY,user82@gmail.com,
355,47.0,12.9.2023,264.34,BEAUTY ,germany,,36.0
356,76.0,2023-08-03,242.3,clothing,germany,,42.0
357,144.0,8/7/2023,229.82,BOOKS,germany,user199@gmail.com,69.0
358,2.0,неизвестно,218.04,electronics,Germany,invalid_email,
359,205.0,2023-12-02,224.75,electronics,Россия,user784gmail.com,30.0
360,278.0,12/20/2023,152.56,BEAUTY,Russian Federation,user565@,22.0
361,192.0,26.5.2023,75.02,beauty,United States,user889gmail.com,31.0
362,266.0,неизвестно,250.06,beauty,,user735@,59.0
363,106.0,,278.33,beauty,America,,29.0
364,8.0,11/28/2023,72.02,,Germany,user526gmail.com,67.0
365,20.0,2023-01-26,114.17,CLOTHING,,user294@,23.0
366,39.0,2023-11-18,87.15,,germany,user938gmail.com,51.0
367,232.0,,90.25,BOOK,Russia,user596@,35.0
368,88.0,,298.11,electronics,Россия,user161@gmail.com,54.0
369,279.0,22.1.2023,68.14,BEAUTY,RU,,57.0
370,250.0,неизвестно,260.99,books,RUSSIA,user997gmail.com,40.0
371,188.0,2023-05-13,56.76,Красота,Германия,invalid_email,65.0
372,198.0,2023-04-11,146.08,Книги,GERMANY,,21.0
373,159.0,,-44.391961794338904,BEAUTY,Russia,,52.0
374,226.0,,47.78,CLOTHING,Россия,user181@gmail.com,27.0
375,,,287.28,Красота,DE,invalid_email,26.0
376,146.0,3.9.2023,190.3,Книги,Германия,invalid_email,18.0
377,218.0,2023-11-27,24.66,CLOTHING,Россия,invalid_email,
378,247.0,11.2.2023,170.12,Книги,Германия,invalid_email,66.0
379,242.0,неизвестно,265.77,BEAUTY ,Германия,,54.0
380,45.0,4/4/2023,22.67,elecronics,RUSSIA,user325gmail.com,56.0
381,10.0,28.3.2023,198.06,beauty,US,user145@gmail.com,57.0
382,63.0,4.2.2023,4047.559577509936,ELECTRONICS,США,invalid_email,18.0
383,219.0,,34.14,CLOTHING,RU,user632@gmail.com,18.0
384,277.0,9.8.2023,92.46,BEAUTY ,Germany,user981@,26.0
385,,3/19/2023,283.86,cloting,,invalid_email,35.0
386,251.0,2023-07-04,36.17,elecronics,US,,29.0
387,286.0,3.7.2023,238.9,Электроника,GERMANY,,64.0
388,96.0,неизвестно,217.95,clothing,,user82gmail.com,55.0
389,201.0,3.2.2023,290.65,books,RUSSIA,invalid_email,32.0
390,1.0,2023-12-10,292.97,Красота,RUSSIA,invalid_email,58.0
391,252.0,23.7.2023,227.08,electronics,Germany,user78gmail.com,20.0
392,74.0,3.12.2023,265.75,,USA,user52@,44.0
393,277.0,неизвестно,104.92,BEAUTY,russia,user479@gmail.com,31.0
394,,2023-04-08,237.76,electronics,США,user367@,29.0
395,84.0,,276.23,ELECTRONICS,United States,,200.0
396,11.0,,34.33,BOOKS,GERMANY,user839@gmail.com,51.0
397,199.0,2023-11-06,246.23,BEAUTY ,Германия,,67.0
398,274.0,,94.23,BEAUTY,Germany,user225@,30.0
399,92.0,,108.41,Книги,USA,user565@,51.0
400,224.0,3/9/2023,142.29,Электроника,США,user442@,48.0
401,66.0,4.11.2023,170.97,clothing,Russia,invalid_email,35.0
402,69.0,2023-02-02,107.26,beauty,Германия,user689gmail.com,38.0
403,230.0,неизвестно,48.71,BEAUTY,RU,,38.0
404,155.0,10/27/2023,144.92,clothing,Russian Federation,,63.0
405,249.0,,183.08,BEAUTY,Россия,,57.0
406,102.0,неизвестно,171.58,Книги,,,53.0
407,58.0,9/9/2023,71.55,Электроника,Russian Federation,,40.0
408,150.0,,25.37,ELECTRONICS,GERMANY,user495@,39.0
409,24.0,3/24/2023,200.86,BOOK,DE,user994@,21.0
410,75.0,2/7/2023,148.19,books,USA,,24.0
411,276.0,5/4/2023,39.89,elecronics,DE,,60.0
412,181.0,неизвестно,119.14,cloting,RUSSIA,invalid_email,43.0
413,188.0,9.1.2023,294.39,Электроника,USA,invalid_email,54.0
414,140.0,,233.4,,America,,53.0
415,9.0,2023-02-14,210.56,elecronics,,user720@,59.0
416,210.0,4/26/2023,4221.984184128977,Книги,Россия,invalid_email,51.0
417,69.0,,48.04,books,russia,user474@gmail.com,63.0
418,179.0,,25.19,cloting,Germany,user31gmail.com,22.0
419,300.0,8/11/2023,55.79,Электроника,GERMANY,,66.0
420,11.0,10/18/2023,,Красота,США,user381gmail.com,37.0
421,275.0,,284.74,beuty,America,user413@gmail.com,50.0
422,279.0,12/8/2023,136.38,BOOK,GERMANY,user412@gmail.com,47.0
423,205.0,2023-10-16,244.23,CLOTHING,America,user216@gmail.com,46.0
424,150.0,7/12/2023,125.23,Красота,GERMANY,,69.0
425,269.0,3/26/2023,295.68,CLOTHING,DE,user403@,29.0
426,139.0,2023-04-05,-47.14104235412343,books,GERMANY,,39.0
427,174.0,,85.61,BOOKS,DE,user192@,
428,232.0,3/26/2023,194.31,Красота,US,user806@gmail.com,23.0
429,44.0,неизвестно,115.61,Электроника,Germany,,52.0
430,216.0,2023-07-14,4841.4670984885215,BOOKS,RUSSIA,user539gmail.com,22.0
431,20.0,,234.24,CLOTHING,US,user513@,65.0
432,291.0,неизвестно,28.78,Электроника,RU,user472@gmail.com,33.0
433,205.0,,4852.376523591211,BEAUTY,Германия,user649gmail.com,67.0
434,214.0,2023-10-24,32.46,BEAUTY,russia,,42.0
435,279.0,2023-11-17,243.12,Книги,germany,user743gmail.com,34.0
436,120.0,,236.49,BOOKS,DE,user218@gmail.com,33.0
437,12.0,17.5.2023,88.17,BEAUTY ,RUSSIA,,56.0
438,257.0,,258.71,bokks,USA,user634@,34.0
439,256.0,8/13/2023,29.7,bokks,RU,user508@,59.0
440,53.0,неизвестно,4997.842724238692,beauty,DE,user990@,54.0
441,29.0,11/26/2023,215.83,CLOTHING,США,user706@,35.0
442,50.0,3/9/2023,34.09,bokks,США,user793gmail.com,39.0
443,151.0,,77.32,Электроника,RU,user661@gmail.com,34.0
444,226.0,12.4.2023,162.17,clothing,germany,user977@,41.0
445,280.0,8/15/2023,3554.690544481621,ELECTRONICS,Germany,invalid_email,
446,234.0,20.10.2023,34.34,,GERMANY,user900@,51.0
447,103.0,9/5/2023,122.68,bokks,Russian Federation,invalid_email,45.0
448,,неизвестно,200.38,BOOKS,United States,,36.0
449,115.0,9/16/2023,175.91,clothing,Германия,user539gmail.com,45.0
450,206.0,2023-10-19,255.91,electronics,Germany,user619@,47.0
451,258.0,,91.59,ELECTRONICS,Германия,,60.0
452,40.0,,104.82,Электроника,USA,invalid_email,63.0
453,278.0,16.8.2023,178.37,Eletronics,United States,invalid_email,63.0
454,221.0,2023-01-28,43.62,CLOTHING,GERMANY,user276gmail.com,28.0
455,177.0,2023-09-11,46.43,Одежда,Russia,,30.0
456,235.0,неизвестно,215.4,clothing,Germany,user640gmail.com,26.0
457,292.0,2023-08-12,183.0,BOOK,United States,user545gmail.com,25.0
458,270.0,25.7.2023,269.15,Eletronics,GERMANY,user857@,55.0
459,62.0,,201.65,BEAUTY ,Russia,user204@,59.0
460,64.0,18.4.2023,26.61,CLOTHING,US,invalid_email,32.0
461,176.0,неизвестно,95.44,books,США,user116@gmail.com,25.0
462,244.0,10.8.2023,206.44,cloting,DE,user790@,54.0
463,104.0,2023-11-22,29.2,bokks,USA,user701@,66.0
464,158.0,2023-11-10,119.85,beauty,Россия,user983gmail.com,58.0
465,290.0,неизвестно,55.52,beuty,russia,user499@,65.0
466,171.0,2023-01-12,128.83,Eletronics,USA,,41.0
467,,неизвестно,98.22,beuty,America,user229@gmail.com,48.0
468,190.0,,226.42,elecronics,США,,36.0
469,77.0,,22.55,clothing,USA,,21.0
470,113.0,2023-05-28,208.15,CLOTHING,America,user92@gmail.com,69.0
471,206.0,17.7.2023,2132.8763352386695,beauty,RUSSIA,invalid_email,30.0
472,89.0,7/7/2023,1314.0394738144394,elecronics,,invalid_email,20.0
473,66.0,неизвестно,221.33,Eletronics,GERMANY,user384@,47.0
474,191.0,неизвестно,169.37,BEAUTY ,США,user633gmail.com,53.0
475,43.0,26.9.2023,223.98,BOOK,United States,,18.0
476,36.0,12/6/2023,135.36,BEAUTY ,Russia,user146gmail.com,48.0
477,266.0,неизвестно,215.29,BOOKS,Германия,user628gmail.com,67.0
478,82.0,неизвестно,165.93,clothing,Russian Federation,user133@,36.0
479,148.0,,228.44,Красота,Russia,invalid_email,48.0
480,208.0,,203.52,beauty,США,,
481,285.0,3.4.2023,99.39,,Russia,user253gmail.com,56.0
482,,9.6.2023,172.62,elecronics,United States,user557@gmail.com,59.0
483,201.0,16.7.2023,268.88,Eletronics,,,64.0
484,82.0,25.10.2023,284.26,Красота,RUSSIA,user570@,56.0
485,42.0,,222.98,cloting,USA,user568@gmail.com,51.0
486,60.0,,99.85,cloting,germany,user420gmail.com,21.0
487,204.0,8.6.2023,35.33,Красота,Russia,invalid_email,40.0
488,110.0,2023-02-07,108.74,BEAUTY,Германия,,30.0
489,284.0,3/27/2023,250.8,Книги,RU,user710@gmail.com,19.0
490,132.0,неизвестно,155.02,,RUSSIA,user586gmail.com,59.0
491,1.0,,110.49,,germany,user147@,37.0
492,178.0,2/26/2023,106.76,CLOTHING,germany,user708@gmail.com,23.0
493,153.0,7.10.2023,85.5,elecronics,Германия,user729gmail.com,52.0
494,287.0,,153.92,CLOTHING,United States,user378@gmail.com,0.0
495,138.0,14.6.2023,204.62,cloting,russia,user274gmail.com,57.0
496,,9/19/2023,234.28,beauty,Россия,user913@gmail.com,54.0
497,276.0,21.11.2023,47.68,books,DE,invalid_email,30.0
498,4.0,неизвестно,203.14,clothing,,invalid_email,39.0
499,201.0,2023-04-15,84.03,BOOK,DE,user721@,
500,16.0,21.1.2023,131.92,books,Германия,user850@gmail.com,32.0
501,46.0,2023-06-12,235.95,beuty,RUSSIA,user662@gmail.com,40.0
502,61.0,2023-08-16,117.65,Электроника,Russian Federation,user782gmail.com,27.0
503,111.0,2023-11-25,118.18,BOOK,russia,invalid_email,26.0
504,167.0,2/23/2023,41.99,beuty,,user612gmail.com,57.0
505,207.0,12.4.2023,99.6,BEAUTY ,US,invalid_email,65.0
506,25.0,неизвестно,,Красота,russia,user628@gmail.com,22.0
507,147.0,2023-06-18,133.11,BEAUTY,Германия,,36.0
508,283.0,3/23/2023,40.84,,Russia,user324@gmail.com,40.0
509,207.0,,,BOOKS,Германия,invalid_email,18.0
510,138.0,,269.13,Одежда,Germany,user974gmail.com,24.0
511,,10/16/2023,49.43,BOOKS,Германия,invalid_email,59.0
512,279.0,,134.81,ELECTRONICS,DE,user569gmail.com,43.0
513,30.0,11/25/2023,236.79,Электроника,Russia,invalid_email,32.0
514,262.0,,86.99,electronics,Германия,invalid_email,55.0
515,92.0,,260.73,CLOTHING,germany,,36.0
516,122.0,24.10.2023,131.38,beauty,Россия,,20.0
517,89.0,2023-06-26,232.11,BEAUTY,USA,user899@gmail.com,55.0
518,56.0,7/10/2023,157.39,clothing,USA,,53.0
519,273.0,неизвестно,3194.5372207783344,BOOK,germany,,46.0
520,260.0,2023-08-18,99.71,Электроника,germany,user217gmail.com,24.0
521,280.0,5.6.2023,67.35,elecronics,Russia,user878@,53.0
522,218.0,,207.59,Книги,RU,invalid_email,22.0
523,288.0,7/10/2023,46.48,ELECTRONICS,Russia,user239@gmail.com,50.0
524,297.0,2023-01-16,222.26,CLOTHING,Russia,user257gmail.com,60.0
525,2.0,2023-08-17,31.36,BEAUTY ,russia,invalid_email,59.0
526,139.0,неизвестно,203.37,ELECTRONICS,US,user726@gmail.com,68.0
527,74.0,,80.27,cloting,GERMANY,,44.0
528,159.0,16.4.2023,163.52,Электроника,US,user117@,63.0
529,,неизвестно,210.06,beauty,GERMANY,user662gmail.com,61.0
530,168.0,,272.25,electronics,America,user72gmail.com,41.0
531,141.0,7.9.2023,255.58,electronics,США,user462@,48.0
532,,неизвестно,25.15,BOOKS,,invalid_email,22.0
533,59.0,неизвестно,45.07,elecronics,GERMANY,user533@,69.0
534,113.0,неизвестно,72.64,BEAUTY ,Россия,user620@,40.0
535,291.0,,165.73,beuty,Russia,user189gmail.com,67.0
536,176.0,23.5.2023,74.63,cloting,russia,user294@gmail.com,20.0
537,61.0,14.1.2023,272.41,ELECTRONICS,GERMANY,user396@,46.0
538,159.0,2023-01-13,22.24,Красота,RUSSIA,,50.0
539,120.0,28.7.2023,179.46,Красота,USA,invalid_email,21.0
540,121.0,,91.01,ELECTRONICS,Russia,,43.0
541,62.0,неизвестно,110.89,cloting,America,user528gmail.com,50.0
542,141.0,7/16/2023,160.06,clothing,United States,user810@gmail.com,63.0
543,233.0,6/17/2023,217.1,beuty,Россия,,62.0
544,128.0,8/14/2023,160.09,books,США,user344@gmail.com,
545,184.0,2023-10-16,1674.3961937361473,BOOKS,DE,user97@,
546,273.0,неизвестно,166.12,ELECTRONICS,Germany,,35.0
547,136.0,26.9.2023,240.23,ELECTRONICS,Германия,user146@gmail.com,65.0
548,38.0,16.4.2023,289.26,Книги,United States,user696@gmail.com,39.0
549,210.0,7/27/2023,295.41,bokks,russia,user999gmail.com,27.0
550,272.0,2023-02-23,164.08,elecronics,,user948gmail.com,30.0
551,193.0,2023-12-04,257.98,Eletronics,RU,user81@gmail.com,27.0
552,207.0,,167.79,elecronics,America,,20.0
553,228.0,15.8.2023,67.43,CLOTHING,United States,invalid_email,53.0
554,235.0,13.10.2023,48.0,bokks,germany,invalid_email,
555,95.0,2023-05-13,40.27,Eletronics,Russian Federation,,36.0
556,22.0,,218.11,beuty,США,invalid_email,19.0
557,245.0,,65.5,books,RU,user223@,42.0
558,,,212.67,cloting,Russian Federation,user417@gmail.com,69.0
559,,,194.92,beuty,GERMANY,,22.0
560,202.0,5.7.2023,197.09,elecronics,Germany,user40@,38.0
561,33.0,неизвестно,61.13,CLOTHING,Germany,,29.0
562,159.0,неизвестно,86.98,clothing,,user883@gmail.com,19.0
563,235.0,18.1.2023,259.33,books,russia,user267@gmail.com,37.0
564,166.0,,213.72,beauty,germany,user318gmail.com,64.0
565,256.0,22.2.2023,215.44,BOOK,United States,user235gmail.com,57.0
566,107.0,10/24/2023,74.24,Красота,Россия,user457gmail.com,
567,3.0,2023-02-15,201.22,BEAUTY ,Russian Federation,user26gmail.com,48.0
568,207.0,18.5.2023,244.46,BEAUTY ,GERMANY,,38.0
569,97.0,19.7.2023,106.68,BEAUTY,Германия,user696@,18.0
570,201.0,,50.26,clothing,Germany,invalid_email,20.0
571,155.0,,235.39,Книги,Германия,user439@,23.0
572,280.0,6/9/2023,291.27,books,germany,,43.0
573,38.0,6.2.2023,233.73,elecronics,USA,invalid_email,47.0
574,211.0,5/27/2023,,BOOKS,USA,user381@gmail.com,32.0
575,197.0,,155.19,Книги,russia,,38.0
576,2.0,9/2/2023,274.36,BEAUTY ,America,user221gmail.com,69.0
577,2.0,2.9.2023,166.2,Одежда,RUSSIA,user543gmail.com,40.0
578,148.0,9/20/2023,,Одежда,USA,user907gmail.com,42.0
579,82.0,11/12/2023,268.6,beuty,Russia,user815@,36.0
580,32.0,неизвестно,71.3,Eletronics,USA,invalid_email,54.0
581,66.0,7.1.2023,56.37,ELECTRONICS,RUSSIA,user637@gmail.com,32.0
582,42.0,,226.86,cloting,DE,user804@gmail.com,33.0
583,77.0,неизвестно,273.49,BEAUTY ,America,user637@gmail.com,29.0
584,72.0,4.12.2023,227.85,Красота,germany,user950gmail.com,36.0
585,73.0,неизвестно,297.02,BOOKS,USA,,53.0
586,204.0,6/5/2023,106.96,cloting,America,,66.0
587,191.0,24.11.2023,250.66,Одежда,DE,invalid_email,23.0
588,272.0,21.3.2023,125.37,clothing,russia,invalid_email,36.0
589,134.0,2023-08-01,21.9,BOOKS,America,user824@gmail.com,27.0
590,,2023-02-05,232.17,Книги,DE,user902@,30.0
591,1.0,2023-02-07,24.43,books,,user282@,59.0
592,34.0,,120.67,BOOK,Russian Federation,,49.0
593,59.0,,,Красота,RUSSIA,,20.0
594,180.0,неизвестно,89.22,BEAUTY,United States,user273@gmail.com,48.0
595,140.0,неизвестно,154.44,cloting,USA,user634@,26.0
596,211.0,2023-09-13,264.6,clothing,Russian Federation,,
597,255.0,,73.02,books,russia,user680gmail.com,
598,190.0,,114.57,beuty,russia,user682gmail.com,20.0
599,89.0,26.12.2023,115.51,cloting,germany,user373@,38.0
600,62.0,,149.49,Одежда,США,user529@gmail.com,62.0
601,247.0,5/1/2023,151.0,books,germany,user272@gmail.com,23.0
602,41.0,,256.12,BEAUTY,DE,invalid_email,45.0
603,71.0,1.4.2023,151.27,electronics,America,user920@,30.0
604,140.0,2023-12-22,45.25,clothing,GERMANY,user19@,53.0
605,221.0,,170.75,clothing,Russian Federation,user549gmail.com,18.0
606,300.0,23.11.2023,179.79,BEAUTY,US,invalid_email,64.0
607,186.0,неизвестно,,BEAUTY,Russia,user950@,49.0
608,206.0,,135.9,Книги,US,,31.0
609,142.0,2023-02-07,277.04,BOOK,russia,,66.0
610,270.0,21.5.2023,24.27,ELECTRONICS,Germany,invalid_email,46.0
611,278.0,2023-10-21,50.91,BOOK,Россия,,31.0
612,164.0,неизвестно,262.89,ELECTRONICS,RUSSIA,user68@gmail.com,61.0
613,95.0,6/27/2023,-63.65644024621392,beauty,США,,38.0
614,15.0,,205.18,clothing,America,invalid_email,42.0
615,245.0,17.11.2023,58.15,elecronics,RUSSIA,invalid_email,60.0
616,292.0,неизвестно,291.42,Книги,США,user561gmail.com,21.0
617,93.0,2023-05-20,155.88,clothing,America,user645@,58.0
618,255.0,3/18/2023,116.46,BEAUTY ,russia,user329@gmail.com,51.0
619,15.0,19.12.2023,2611.5601242001944,Книги,GERMANY,user763@gmail.com,20.0
620,,,146.43,BOOK,US,user696@gmail.com,18.0
621,147.0,неизвестно,48.62,BOOKS,russia,invalid_email,43.0
622,275.0,6/1/2023,175.6,beuty,America,user655gmail.com,54.0
623,98.0,,202.33,books,Germany,user78gmail.com,69.0
624,144.0,2/3/2023,-90.8933837325712,beuty,United States,,63.0
625,26.0,4/23/2023,60.23,beauty,RU,,34.0
626,28.0,4.6.2023,139.85,Одежда,Russia,user130gmail.com,0.0
627,236.0,неизвестно,195.7,CLOTHING,Russia,,47.0
628,101.0,12/28/2023,257.04,clothing,Russia,,41.0
629,287.0,неизвестно,133.07,BEAUTY ,США,user603gmail.com,25.0
630,78.0,неизвестно,100.51,Электроника,germany,,69.0
631,67.0,2023-03-02,252.99,,russia,user420@gmail.com,47.0
632,159.0,2023-04-26,,bokks,US,user213@,23.0
633,261.0,2023-08-14,106.48,Книги,Германия,user791gmail.com,49.0
634,16.0,2023-06-26,58.35,BOOK,Russia,user221@,56.0
635,110.0,неизвестно,54.42,Книги,USA,invalid_email,64.0
636,160.0,7.8.2023,265.99,,DE,,68.0
637,27.0,7/23/2023,118.64,Книги,RUSSIA,user356@gmail.com,22.0
638,274.0,2023-05-10,,cloting,Germany,,58.0
639,251.0,10/8/2023,253.15,Одежда,russia,user381gmail.com,64.0
640,250.0,11.11.2023,248.88,Книги,America,invalid_email,61.0
641,260.0,неизвестно,103.49,BEAUTY ,US,user703@gmail.com,19.0
642,251.0,неизвестно,198.64,Одежда,Germany,user998gmail.com,31.0
643,128.0,2023-09-12,30.7,Eletronics,DE,user505@gmail.com,0.0
644,279.0,неизвестно,50.04,CLOTHING,United States,user776@gmail.com,52.0
645,40.0,,88.81,BEAUTY ,Russia,user830gmail.com,21.0
646,,,73.77,cloting,США,user250@gmail.com,65.0
647,68.0,,67.1,books,Россия,invalid_email,33.0
648,287.0,неизвестно,249.04,beauty,russia,,29.0
649,109.0,2023-08-13,90.22,beauty,Германия,user546@gmail.com,22.0
650,102.0,2023-09-19,49.06,ELECTRONICS,germany,user650@,21.0
651,42.0,25.2.2023,139.16,Красота,US,,39.0
652,10.0,2023-08-21,28.41,elecronics,RUSSIA,user816@,32.0
653,62.0,7.5.2023,69.85,CLOTHING,RUSSIA,user620@,44.0
654,152.0,12/23/2023,228.84,Книги,russia,,22.0
655,243.0,,188.4,Одежда,Германия,invalid_email,39.0
656,120.0,неизвестно,118.26,beauty,GERMANY,user577@gmail.com,46.0
657,112.0,2023-11-16,174.17,BOOK,RUSSIA,user253@gmail.com,55.0
658,138.0,26.8.2023,213.09,bokks,America,user97@,46.0
659,60.0,10/10/2023,135.09,cloting,RU,user125@gmail.com,37.0
660,173.0,неизвестно,204.66,Eletronics,RUSSIA,user402@,52.0
661,107.0,2023-05-04,41.31,Eletronics,russia,user911@,
662,,2023-09-22,297.7,Книги,RU,user937@gmail.com,69.0
663,126.0,24.12.2023,135.7,BOOK,USA,user624@,20.0
664,275.0,12.6.2023,132.66,BOOKS,DE,user291@,61.0
665,196.0,2023-08-04,269.28,books,US,user259@,20.0
666,107.0,неизвестно,113.73,Книги,russia,,63.0
667,14.0,2023-11-08,80.56,beuty,Russian Federation,invalid_email,20.0
668,120.0,2023-03-11,81.49,Одежда,RU,,65.0
669,111.0,неизвестно,222.02,BEAUTY,America,invalid_email,53.0
670,174.0,1/21/2023,24.99,Электроника,DE,invalid_email,44.0
671,101.0,2/12/2023,117.33,BOOKS,Russia,,25.0
672,27.0,неизвестно,140.04,beauty,DE,user115gmail.com,64.0
673,43.0,25.5.2023,106.97,bokks,США,user989@,43.0
674,100.0,2023-09-21,83.95,ELECTRONICS,US,user699gmail.com,36.0
675,152.0,неизвестно,88.69,,DE,,29.0
676,110.0,18.4.2023,220.22,clothing,USA,user336@,38.0
677,101.0,2023-11-24,-10.832727019231212,beauty,Россия,user176@,45.0
678,,1/22/2023,187.06,books,,,47.0
679,133.0,1/13/2023,256.38,BEAUTY ,RUSSIA,user444@,34.0
680,293.0,неизвестно,-74.37131681343698,bokks,Russian Federation,invalid_email,49.0
681,181.0,неизвестно,142.63,,,user543gmail.com,21.0
682,132.0,2023-09-19,108.72,Eletronics,United States,invalid_email,33.0
683,65.0,2023-02-13,22.18,BEAUTY,russia,user438@gmail.com,200.0
684,296.0,неизвестно,70.17,Eletronics,,user386@,54.0
685,54.0,неизвестно,27.12,ELECTRONICS,Russian Federation,user812@,34.0
686,84.0,2/17/2023,290.51,Книги,Germany,,69.0
687,35.0,16.1.2023,29.46,Электроника,Россия,invalid_email,22.0
688,86.0,10/12/2023,225.34,electronics,RU,invalid_email,38.0
689,212.0,2023-12-21,,elecronics,United States,user699gmail.com,18.0
690,272.0,2/15/2023,96.79,CLOTHING,russia,,41.0
691,68.0,,131.13,Книги,germany,user378gmail.com,26.0
692,280.0,,251.79,elecronics,USA,,18.0
693,62.0,9/24/2023,129.1,Книги,RU,user163@,21.0
694,275.0,,97.16,Eletronics,russia,user426@,41.0
695,202.0,12/23/2023,168.61,clothing,RU,invalid_email,41.0
696,234.0,,176.87,,Россия,user507@gmail.com,44.0
697,93.0,19.6.2023,131.48,electronics,Германия,invalid_email,34.0
698,276.0,неизвестно,103.45,Электроника,Russia,user241@,67.0
699,3.0,8.4.2023,238.61,BEAUTY ,США,invalid_email,63.0
700,137.0,2023-06-08,,beuty,Россия,user793@,27.0
701,261.0,,72.13,elecronics,Germany,invalid_email,36.0
702,215.0,5.9.2023,,elecronics,Germany,,31.0
703,205.0,2023-07-12,235.17,elecronics,Russian Federation,user204@gmail.com,26.0
704,,2023-12-23,197.54,CLOTHING,USA,user355@gmail.com,36.0
705,210.0,неизвестно,129.98,BEAUTY ,GERMANY,invalid_email,25.0
706,273.0,2023-09-20,163.93,CLOTHING,Russia,user63@,47.0
707,114.0,2023-04-25,296.19,BOOKS,Россия,user722@,24.0
708,67.0,4/10/2023,209.98,BEAUTY,Германия,user116@,33.0
709,56.0,неизвестно,24.19,ELECTRONICS,DE,user320@,59.0
710,76.0,неизвестно,185.51,Красота,USA,,32.0
711,130.0,,176.68,CLOTHING,USA,,57.0
712,18.0,2023-03-06,36.29,BOOKS,Russia,user344@gmail.com,39.0
713,296.0,16.10.2023,80.33,books,germany,invalid_email,30.0
714,282.0,неизвестно,152.6,books,Russian Federation,invalid_email,
715,273.0,25.10.2023,28.27,Красота,DE,user672@gmail.com,44.0
716,156.0,1/9/2023,294.84,Красота,Германия,,31.0
717,288.0,неизвестно,57.74,electronics,RUSSIA,user111gmail.com,59.0
718,212.0,26.10.2023,184.66,beauty,Russian Federation,invalid_email,56.0
719,114.0,10.11.2023,256.03,electronics,russia,user982@,45.0
720,147.0,15.7.2023,249.25,beauty,,user920gmail.com,56.0
721,36.0,5/16/2023,28.99,beauty,Germany,user569@,63.0
722,267.0,24.6.2023,189.15,Одежда,USA,user444gmail.com,30.0
723,219.0,2023-01-27,116.54,BOOKS,RU,,61.0
724,,8/11/2023,,beuty,Россия,invalid_email,37.0
725,290.0,6/2/2023,54.01,Красота,United States,,37.0
726,147.0,,295.22,clothing,Россия,user263@,33.0
727,24.0,2023-02-20,65.2,books,US,user283@gmail.com,66.0
728,210.0,неизвестно,79.16,BEAUTY ,Германия,user105@,34.0
729,222.0,25.2.2023,46.38,Одежда,RUSSIA,user807@,19.0
730,230.0,2023-12-07,54.53,books,Россия,invalid_email,24.0
731,,,239.5,BEAUTY ,Россия,,25.0
732,252.0,17.9.2023,152.81,BEAUTY,,user79gmail.com,19.0
733,,2023-09-13,233.54,BOOKS,United States,user962@,34.0
734,232.0,неизвестно,,cloting,GERMANY,user146@gmail.com,65.0
735,244.0,,220.64,BOOKS,russia,user372gmail.com,25.0
736,231.0,,53.22,electronics,GERMANY,,67.0
737,106.0,5.8.2023,152.43,beauty,GERMANY,invalid_email,64.0
738,83.0,,172.91,books,США,user548@gmail.com,54.0
739,297.0,2/21/2023,281.86,electronics,germany,user715@gmail.com,50.0
740,139.0,неизвестно,106.84,,RU,user873@,66.0
741,1.0,неизвестно,229.67,Книги,Russia,invalid_email,28.0
742,267.0,,239.1,beauty,Russian Federation,user736@,23.0
743,78.0,2023-02-19,293.4,cloting,,,51.0
744,245.0,2023-07-13,28.02,clothing,Russia,invalid_email,30.0
745,111.0,неизвестно,118.13,CLOTHING,US,user606@gmail.com,43.0
746,,4/1/2023,141.94,Электроника,RU,invalid_email,36.0
747,161.0,2023-06-10,189.77,ELECTRONICS,Russian Federation,invalid_email,31.0
748,154.0,12.2.2023,261.38,BOOK,russia,,22.0
749,149.0,неизвестно,201.36,ELECTRONICS,Russian Federation,user504@,48.0
750,124.0,18.8.2023,86.45,BEAUTY ,Россия,,32.0
751,38.0,4.10.2023,110.61,BOOKS,USA,invalid_email,42.0
752,157.0,6/14/2023,60.36,BEAUTY,Russian Federation,user96gmail.com,24.0
753,120.0,2023-09-22,272.81,,RUSSIA,,30.0
754,73.0,23.8.2023,166.73,Красота,Германия,user185@,43.0
755,156.0,27.4.2023,136.12,Eletronics,,user888gmail.com,35.0
756,212.0,,229.21,Одежда,,user836@gmail.com,26.0
757,233.0,,175.7,Книги,US,user847@gmail.com,23.0
758,282.0,неизвестно,141.04,Красота,russia,user12@,
759,294.0,4/16/2023,,Красота,RU,user652@,26.0
760,259.0,,141.91,BEAUTY ,USA,user503@,
761,178.0,неизвестно,1761.5330842438875,CLOTHING,GERMANY,,19.0
762,251.0,8/4/2023,272.51,BEAUTY,Russian Federation,invalid_email,34.0
763,293.0,12/17/2023,154.92,elecronics,RU,user419@gmail.com,45.0
764,258.0,4/8/2023,275.15,BOOK,RUSSIA,,26.0
765,107.0,неизвестно,57.67,Электроника,Россия,invalid_email,39.0
766,64.0,неизвестно,81.57,Eletronics,RUSSIA,user896@gmail.com,58.0
767,43.0,2023-02-01,40.76,cloting,Germany,user690@,27.0
768,263.0,неизвестно,170.87,bokks,America,user245gmail.com,24.0
769,,2023-06-23,40.59,clothing,США,invalid_email,23.0
770,59.0,,103.4,Одежда,,invalid_email,19.0
771,103.0,,223.67,elecronics,Россия,user178@gmail.com,22.0
772,162.0,17.8.2023,58.15,bokks,germany,invalid_email,31.0
773,106.0,,66.35,Одежда,Russia,user639@gmail.com,40.0
774,269.0,20.3.2023,32.45,Одежда,United States,invalid_email,39.0
775,202.0,4/16/2023,230.15,beauty,germany,user872@gmail.com,36.0
776,81.0,2023-05-25,158.81,Eletronics,RU,,59.0
777,64.0,,43.81,bokks,US,user59gmail.com,22.0
778,129.0,,25.2,Eletronics,,user949@,51.0
779,243.0,неизвестно,109.95,Электроника,russia,user982@,25.0
780,106.0,4/18/2023,203.45,elecronics,US,,32.0
781,16.0,2023-07-14,132.47,beauty,RU,user214gmail.com,48.0
782,297.0,,49.3,elecronics,Германия,user960gmail.com,34.0
783,210.0,18.8.2023,183.86,books,RUSSIA,user853@,23.0
784,18.0,,186.04,beuty,Россия,user66gmail.com,47.0
785,236.0,2023-09-17,244.1,BOOK,US,invalid_email,58.0
786,117.0,,245.93,Красота,Germany,invalid_email,33.0
787,30.0,12/16/2023,137.68,CLOTHING,russia,invalid_email,49.0
788,258.0,,20.83,bokks,US,user370@,67.0
789,122.0,11.12.2023,29.13,beuty,Russia,user709gmail.com,35.0
790,276.0,11/26/2023,59.34,beauty,США,invalid_email,63.0
791,137.0,,79.87,elecronics,RU,user627@,58.0
792,271.0,,58.61,,США,user619@,60.0
793,178.0,2023-07-10,269.77,Книги,Германия,invalid_email,38.0
794,,неизвестно,24.34,ELECTRONICS,USA,invalid_email,31.0
795,172.0,неизвестно,92.58,cloting,RUSSIA,invalid_email,49.0
796,18.0,,296.7,,Россия,,24.0
797,230.0,,33.76,CLOTHING,RUSSIA,,43.0
798,15.0,неизвестно,3191.2463388992105,clothing,GERMANY,,62.0
799,36.0,,201.07,Книги,USA,user253@,63.0
800,190.0,4.4.2023,109.23,Электроника,США,user412gmail.com,27.0
801,140.0,2023-12-13,285.97,elecronics,Германия,invalid_email,23.0
802,76.0,6/1/2023,210.09,CLOTHING,RUSSIA,user479gmail.com,45.0
803,128.0,,23.98,clothing,US,user788@,65.0
804,242.0,,272.61,Электроника,America,user168@gmail.com,32.0
805,183.0,неизвестно,188.06,BEAUTY,US,user239@gmail.com,43.0
806,211.0,6/23/2023,77.89,Eletronics,United States,invalid_email,41.0
807,261.0,2023-06-18,83.93,BEAUTY,Germany,,66.0
808,149.0,8/3/2023,276.25,Одежда,GERMANY,,44.0
809,231.0,,168.15,BOOKS,russia,,45.0
810,253.0,21.5.2023,291.87,cloting,,,25.0
811,115.0,2023-03-12,78.25,Книги,germany,,65.0
812,45.0,,233.18,bokks,germany,,56.0
813,50.0,неизвестно,175.07,BOOKS,GERMANY,user320@gmail.com,19.0
814,32.0,неизвестно,,BEAUTY ,America,,54.0
815,106.0,8.9.2023,119.73,beauty,United States,,
816,243.0,3.1.2023,59.28,elecronics,Russia,user668gmail.com,48.0
817,272.0,10/8/2023,158.18,Электроника,Germany,,66.0
818,79.0,27.8.2023,1509.2770490211653,clothing,Германия,user990gmail.com,39.0
819,99.0,2023-01-21,38.24,Eletronics,Germany,user654@,61.0
820,273.0,2/22/2023,32.43,elecronics,RUSSIA,user821gmail.com,39.0
821,215.0,3/23/2023,146.72,Красота,US,,26.0
822,10.0,4/6/2023,105.51,clothing,US,invalid_email,27.0
823,59.0,неизвестно,185.03,elecronics,RU,invalid_email,66.0
824,246.0,4/22/2023,82.69,Электроника,,user152@,20.0
825,285.0,7/7/2023,122.0,bokks,Germany,user738@gmail.com,42.0
826,156.0,1/21/2023,260.12,BEAUTY ,russia,invalid_email,62.0
827,156.0,,176.14,BOOKS,Россия,user308@,46.0
828,157.0,2023-02-21,34.94,ELECTRONICS,germany,user278@gmail.com,32.0
829,214.0,6/1/2023,20.99,electronics,Russian Federation,invalid_email,46.0
830,113.0,4/23/2023,1864.931577563965,electronics,Russia,user446@,66.0
831,266.0,неизвестно,82.82,,Россия,invalid_email,42.0
832,186.0,неизвестно,284.61,CLOTHING,,user103@gmail.com,26.0
833,178.0,,114.47,CLOTHING,Россия,user42@,64.0
834,58.0,2023-08-19,201.2,Красота,germany,user156gmail.com,52.0
835,52.0,,271.93,Одежда,Германия,invalid_email,47.0
836,183.0,,245.58,Книги,Россия,user197@,
837,190.0,2023-03-22,276.98,Одежда,Russia,user537gmail.com,40.0
838,164.0,неизвестно,220.39,BOOKS,Russian Federation,,62.0
839,32.0,14.8.2023,209.94,Красота,America,user238gmail.com,46.0
840,266.0,21.9.2023,196.3,cloting,germany,user794@,20.0
841,,2023-09-27,81.54,beauty,russia,,26.0
842,21.0,,47.47,books,RU,user805gmail.com,46.0
843,148.0,27.5.2023,116.76,BOOK,RUSSIA,user508gmail.com,51.0
844,145.0,неизвестно,132.77,electronics,RUSSIA,invalid_email,45.0
845,180.0,5/21/2023,49.08,electronics,USA,,21.0
846,116.0,,235.2,beauty,Russia,user934@gmail.com,32.0
847,,2023-04-12,131.8,ELECTRONICS,DE,user310gmail.com,60.0
848,51.0,2023-03-17,164.01,BEAUTY,Германия,user546@,22.0
849,,,177.25,BEAUTY ,Germany,invalid_email,47.0
850,241.0,2023-04-14,232.53,BOOKS,America,invalid_email,57.0
851,216.0,,34.49,elecronics,russia,invalid_email,19.0
852,249.0,,140.45,elecronics,DE,,24.0
853,22.0,2/10/2023,263.8,Eletronics,Russia,user46@gmail.com,34.0
854,121.0,20.3.2023,122.2,BOOK,GERMANY,user692gmail.com,45.0
855,89.0,,183.69,elecronics,RUSSIA,invalid_email,57.0
856,,неизвестно,58.76,BEAUTY ,US,invalid_email,150.0
857,161.0,2023-04-04,118.01,Электроника,US,,45.0
858,24.0,10.5.2023,231.77,books,Германия,invalid_email,54.0
859,58.0,12/27/2023,255.83,CLOTHING,Россия,user990gmail.com,64.0
860,274.0,25.1.2023,126.2,Eletronics,Россия,user42gmail.com,49.0
861,125.0,,47.55,bokks,Germany,user629gmail.com,
862,53.0,3/4/2023,120.84,books,RU,user933@gmail.com,41.0
863,108.0,2023-05-10,124.4,beuty,США,user145@gmail.com,26.0
864,72.0,неизвестно,290.98,Электроника,RU,invalid_email,32.0
865,13.0,6/25/2023,221.6,Электроника,United States,user489gmail.com,68.0
866,1.0,2/16/2023,254.28,electronics,germany,user552gmail.com,61.0
867,259.0,неизвестно,90.73,ELECTRONICS,Russia,user549@,29.0
868,96.0,7/2/2023,26.76,bokks,США,user496@,64.0
869,190.0,4/9/2023,83.37,CLOTHING,RU,user419@gmail.com,
870,3.0,8/6/2023,137.02,clothing,US,invalid_email,26.0
871,182.0,1/7/2023,246.12,beuty,Russia,,23.0
872,234.0,18.5.2023,227.96,Красота,Russia,user962@,18.0
873,298.0,2023-04-22,298.77,Книги,America,user584gmail.com,28.0
874,190.0,2023-03-07,296.94,electronics,Россия,user185@gmail.com,45.0
875,67.0,2023-05-10,152.66,Eletronics,,user584@gmail.com,64.0
876,283.0,2023-12-15,183.45,Красота,Russia,invalid_email,33.0
877,133.0,неизвестно,266.24,BEAUTY,US,invalid_email,18.0
878,85.0,21.10.2023,198.96,BEAUTY ,US,user663@gmail.com,66.0
879,4.0,,108.34,ELECTRONICS,GERMANY,,
880,63.0,20.1.2023,295.3,cloting,America,user562gmail.com,32.0
881,190.0,17.8.2023,119.55,beuty,Россия,,63.0
882,17.0,8/4/2023,279.63,elecronics,Russian Federation,user129@gmail.com,150.0
883,65.0,2023-07-21,108.07,bokks,Россия,user215@gmail.com,27.0
884,93.0,неизвестно,201.54,cloting,США,user390@gmail.com,40.0
885,143.0,4.4.2023,233.92,bokks,russia,user491gmail.com,59.0
886,218.0,2023-11-18,107.27,BOOK,Германия,invalid_email,58.0
887,261.0,,4280.614634742591,clothing,germany,,22.0
888,82.0,2023-08-21,241.22,beuty,Russia,invalid_email,18.0
889,231.0,7/19/2023,115.54,ELECTRONICS,Russia,,28.0
890,182.0,2023-10-02,236.62,cloting,United States,user730@gmail.com,26.0
891,15.0,8/1/2023,34.04,Электроника,Россия,user369@gmail.com,52.0
892,277.0,10/25/2023,77.58,ELECTRONICS,Russia,user540@gmail.com,42.0
893,199.0,,,bokks,RUSSIA,user209@,67.0
894,252.0,19.10.2023,203.38,BOOK,Germany,invalid_email,60.0
895,97.0,2023-02-25,94.23,CLOTHING,Russia,user677gmail.com,24.0
896,,неизвестно,123.05,books,United States,,40.0
897,16.0,2023-10-28,106.35,electronics,Россия,invalid_email,37.0
898,97.0,3/15/2023,238.81,clothing,Russian Federation,user1@,40.0
899,187.0,,117.85,cloting,Германия,user704gmail.com,19.0
900,55.0,3/26/2023,77.98,electronics,RUSSIA,invalid_email,31.0
901,204.0,,206.31,CLOTHING,GERMANY,user426@,56.0
902,50.0,,255.82,beuty,RU,invalid_email,
903,55.0,2023-04-05,61.84,Книги,United States,invalid_email,49.0
904,282.0,,25.5,Одежда,US,,59.0
905,11.0,19.2.2023,239.6,bokks,RU,user369@gmail.com,25.0
906,95.0,,128.6,beuty,RU,invalid_email,68.0
907,14.0,24.11.2023,45.12,Красота,USA,invalid_email,20.0
908,260.0,9/8/2023,237.65,BOOKS,russia,user216@gmail.com,57.0
909,21.0,2023-12-12,137.5,elecronics,US,user150@gmail.com,59.0
910,,,68.71,clothing,US,user426gmail.com,31.0
911,277.0,2/13/2023,70.36,ELECTRONICS,russia,,51.0
912,167.0,,254.06,beauty,America,,54.0
913,130.0,неизвестно,66.77,bokks,russia,,39.0
914,22.0,14.12.2023,176.77,cloting,RUSSIA,,68.0
915,16.0,10.8.2023,227.98,Электроника,United States,user571gmail.com,34.0
916,285.0,2023-12-15,68.29,books,DE,user31@,34.0
917,203.0,23.7.2023,85.25,Электроника,RU,,63.0
918,200.0,неизвестно,68.5,Eletronics,RU,invalid_email,51.0
919,285.0,неизвестно,233.27,beuty,Germany,user52@gmail.com,34.0
920,285.0,18.2.2023,154.78,BOOK,Россия,user917@gmail.com,36.0
921,290.0,,135.82,beuty,Russia,invalid_email,57.0
922,101.0,8/22/2023,154.77,CLOTHING,United States,invalid_email,
923,261.0,неизвестно,174.29,beauty,germany,invalid_email,69.0
924,151.0,неизвестно,104.17,Электроника,russia,user155@,66.0
925,73.0,неизвестно,284.09,Красота,Germany,user97@,20.0
926,271.0,27.1.2023,165.63,beuty,United States,,48.0
927,27.0,2023-09-01,175.0,BEAUTY ,Germany,user655gmail.com,63.0
928,28.0,2023-02-17,287.02,beuty,,invalid_email,67.0
929,65.0,неизвестно,75.05,bokks,Германия,invalid_email,59.0
930,200.0,неизвестно,52.63,Электроника,США,,31.0
931,62.0,неизвестно,196.96,beauty,germany,invalid_email,39.0
932,220.0,2023-12-25,252.26,electronics,GERMANY,,38.0
933,241.0,7.10.2023,169.45,BOOK,DE,,40.0
934,3.0,,263.08,BEAUTY,GERMANY,user736@gmail.com,66.0
935,211.0,неизвестно,41.47,BEAUTY ,RUSSIA,invalid_email,44.0
936,14.0,1.4.2023,297.16,cloting,USA,invalid_email,39.0
937,234.0,2023-05-03,198.85,beuty,USA,invalid_email,27.0
938,110.0,неизвестно,-13.60176766651054,electronics,Russia,user567@gmail.com,26.0
939,,2023-03-16,173.23,BOOKS,US,,42.0
940,170.0,,182.18,beuty,Germany,user60@,65.0
941,292.0,2023-10-21,276.11,beauty,,user954gmail.com,51.0
942,195.0,неизвестно,267.14,bokks,DE,user398@,23.0
943,220.0,неизвестно,299.34,cloting,GERMANY,,19.0
944,207.0,2023-10-01,68.62,ELECTRONICS,germany,user349@gmail.com,26.0
945,138.0,23.7.2023,49.38,clothing,Германия,invalid_email,43.0
946,162.0,5/1/2023,,BOOKS,GERMANY,user840@gmail.com,44.0
947,250.0,2023-07-16,20.52,CLOTHING,America,user498gmail.com,32.0
948,112.0,26.1.2023,72.81,,GERMANY,user631@,46.0
949,133.0,19.7.2023,32.86,beauty,United States,,20.0
950,142.0,11.9.2023,42.68,BEAUTY,Германия,user643@,
951,166.0,2023-07-26,202.03,bokks,GERMANY,user340@gmail.com,27.0
952,,11/20/2023,214.94,Одежда,America,user138@gmail.com,21.0
953,42.0,неизвестно,60.79,cloting,America,user290@gmail.com,29.0
954,189.0,14.1.2023,197.15,BEAUTY,,invalid_email,60.0
955,294.0,неизвестно,56.05,cloting,United States,user915gmail.com,20.0
956,299.0,,199.72,cloting,Германия,user922@,53.0
957,285.0,21.9.2023,287.93,BEAUTY,GERMANY,user792@gmail.com,57.0
958,218.0,9/8/2023,46.0,CLOTHING,,invalid_email,60.0
959,,,198.18,beuty,RUSSIA,,59.0
960,89.0,10/4/2023,202.44,Одежда,United States,user199@,62.0
961,77.0,,127.6,Одежда,US,user8gmail.com,51.0
962,158.0,11/27/2023,209.35,Eletronics,USA,user568gmail.com,45.0
963,212.0,неизвестно,20.73,BEAUTY,GERMANY,invalid_email,66.0
964,15.0,2023-01-23,43.47,Красота,America,invalid_email,65.0
965,245.0,2/23/2023,222.72,cloting,America,user401@gmail.com,150.0
966,28.0,неизвестно,214.34,beauty,USA,user38@gmail.com,53.0
967,,2023-05-06,216.62,cloting,Германия,user716gmail.com,67.0
968,141.0,неизвестно,50.21,BOOK,GERMANY,user648@gmail.com,39.0
969,73.0,,231.38,Одежда,USA,user658gmail.com,56.0
970,160.0,,,Одежда,Russia,user755@,31.0
971,17.0,2/12/2023,63.53,Книги,USA,,35.0
972,67.0,18.6.2023,168.74,bokks,US,user878gmail.com,26.0
973,,2023-12-06,83.28,cloting,United States,,56.0
974,210.0,неизвестно,32.98,electronics,United States,invalid_email,68.0
975,176.0,9/7/2023,173.37,books,GERMANY,invalid_email,47.0
976,107.0,,264.67,electronics,Russia,user954@,18.0
977,56.0,,244.82,Eletronics,GERMANY,user668gmail.com,39.0
978,119.0,2023-02-07,60.67,beuty,США,user700@,19.0
979,180.0,,102.71,ELECTRONICS,RUSSIA,user752@,20.0
980,286.0,2023-09-20,34.61,beuty,Russian Federation,user641@gmail.com,62.0
981,291.0,2023-11-16,299.95,books,Russia,invalid_email,66.0
982,100.0,7/7/2023,269.98,BOOK,United States,,21.0
983,16.0,11/26/2023,147.14,BOOK,США,invalid_email,36.0
984,78.0,неизвестно,185.58,elecronics,DE,user479@,21.0
985,187.0,неизвестно,261.24,bokks,USA,user391@gmail.com,43.0
986,9.0,26.2.2023,163.44,Eletronics,DE,user111@gmail.com,64.0
987,106.0,11/6/2023,231.64,BOOKS,RU,user907@,19.0
988,214.0,2023-08-16,4576.951318542113,Книги,US,user358@,35.0
989,177.0,,287.16,Eletronics,DE,user942@gmail.com,68.0
990,81.0,6/4/2023,203.91,Eletronics,GERMANY,user711gmail.com,30.0
991,107.0,2/16/2023,60.84,Красота,Russia,,51.0
992,248.0,6/5/2023,128.84,beauty,Россия,invalid_email,30.0
993,32.0,неизвестно,23.83,Красота,germany,user432@gmail.com,18.0
994,241.0,12/25/2023,258.6,Красота,germany,user802@,
995,,неизвестно,96.01,BOOKS,Russian Federation,user456@,58.0
996,186.0,неизвестно,255.89,elecronics,US,invalid_email,19.0
997,227.0,неизвестно,212.53,beauty,germany,user810@,20.0
998,227.0,2023-02-07,147.75,BEAUTY,Германия,user727@,58.0
999,289.0,2.4.2023,105.62,Одежда,GERMANY,user773gmail.com,30.0
1000,143.0,,38.65,ELECTRONICS,США,user640@,45.0
