date,revenue,profit,order_id,customer_id,quantity,year,month,month_name,week,day_of_week,day_of_week_num,avg_order_value,profit_margin
2025-01-01,54800,103243.7,12,11,37,2025,1,January,1,Wednesday,2,4566.666666666667,1.8840091240875911
2025-01-02,66418,88445.76000000001,11,11,30,2025,1,January,1,Thursday,3,6038.0,1.3316534674335272
2025-01-03,33490,30632.3,6,6,15,2025,1,January,1,Friday,4,5581.666666666667,0.9146700507614213
2025-01-04,28606,44356.259999999995,6,6,16,2025,1,January,1,Saturday,5,4767.666666666667,1.5505928826120392
2025-01-05,51708,91162.6,8,8,25,2025,1,January,1,Sunday,6,6463.5,1.7630269977566335
2025-01-06,108030,186823.4,16,16,46,2025,1,January,2,Monday,0,6751.875,1.729365916874942
2025-01-07,40140,63466.8,7,7,19,2025,1,January,2,Tuesday,1,5734.285714285715,1.581136023916293
2025-01-08,51820,94108.7,11,11,31,2025,1,January,2,Wednesday,2,4710.909090909091,1.8160690852952528
2025-01-09,37490,58868.4,8,8,23,2025,1,January,2,Thursday,3,4686.25,1.5702427313950387
2025-01-10,72264,91313.38,12,12,29,2025,1,January,2,Friday,4,6022.0,1.263608158972656
2025-01-11,44790,81933.0,7,7,21,2025,1,January,2,Saturday,5,6398.571428571428,1.82926992632284
2025-01-12,28080,56969.7,6,6,15,2025,1,January,2,Sunday,6,4680.0,2.02883547008547
2025-01-13,54750,62505.2,12,12,29,2025,1,January,3,Monday,0,4562.5,1.1416474885844747
2025-01-14,47360,51248.0,9,9,19,2025,1,January,3,Tuesday,1,5262.222222222223,1.0820945945945946
2025-01-15,76180,112307.7,14,14,36,2025,1,January,3,Wednesday,2,5441.428571428572,1.4742412706747177
2025-01-16,34268,83546.08,9,9,33,2025,1,January,3,Thursday,3,3807.5555555555557,2.438020310493755
2025-01-17,36736,50750.96,5,5,12,2025,1,January,3,Friday,4,7347.2,1.3815047909407665
2025-01-18,37738,61444.58,10,10,27,2025,1,January,3,Saturday,5,3773.8,1.6281885632518946
2025-01-19,21080,33277.5,7,7,20,2025,1,January,3,Sunday,6,3011.4285714285716,1.5786290322580645
2025-01-20,46690,73224.2,10,10,30,2025,1,January,4,Monday,0,4669.0,1.5683058470764617
2025-01-21,19730,32943.6,5,5,13,2025,1,January,4,Tuesday,1,3946.0,1.6697212366953877
2025-01-22,42940,70826.4,6,6,17,2025,1,January,4,Wednesday,2,7156.666666666667,1.6494271075919886
2025-01-23,43480,39630.0,9,9,17,2025,1,January,4,Thursday,3,4831.111111111111,0.9114535418583257
2025-01-24,40250,47411.8,6,6,14,2025,1,January,4,Friday,4,6708.333333333333,1.1779329192546584
2025-01-25,30400,55590.4,6,6,19,2025,1,January,4,Saturday,5,5066.666666666667,1.8286315789473684
2025-01-26,34460,62368.0,5,5,13,2025,1,January,4,Sunday,6,6892.0,1.8098665118978525
2025-01-27,49103,59641.33,10,10,24,2025,1,January,5,Monday,0,4910.3,1.214616825855854
2025-01-28,10104,14546.800000000001,2,2,5,2025,1,January,5,Tuesday,1,5052.0,1.4397070467141728
2025-01-29,34700,51722.0,6,6,17,2025,1,January,5,Wednesday,2,5783.333333333333,1.4905475504322767
2025-01-30,17120,20739.2,4,4,10,2025,1,January,5,Thursday,3,4280.0,1.2114018691588786
2025-01-31,54370,84319.1,8,8,22,2025,1,January,5,Friday,4,6796.25,1.5508386978112931
2025-02-01,46170,55738.600000000006,10,10,22,2025,2,February,5,Saturday,5,4617.0,1.207247130171107
2025-02-02,59300,62546.5,12,12,28,2025,2,February,5,Sunday,6,4941.666666666667,1.0547470489038786
2025-02-03,65770,93847.2,10,10,25,2025,2,February,6,Monday,0,6577.0,1.426899802341493
2025-02-04,42660,50354.8,10,9,23,2025,2,February,6,Tuesday,1,4266.0,1.1803750586029067
2025-02-05,37480,41196.0,7,7,14,2025,2,February,6,Wednesday,2,5354.285714285715,1.0991462113127002
2025-02-06,67438,97154.34,10,10,25,2025,2,February,6,Thursday,3,6743.8,1.440646816335004
2025-02-07,42550,47521.7,9,9,21,2025,2,February,6,Friday,4,4727.777777777777,1.1168437132784959
2025-02-08,40268,65924.92,11,11,31,2025,2,February,6,Saturday,5,3660.7272727272725,1.6371540677461012
2025-02-09,41494,47968.3,8,8,20,2025,2,February,6,Sunday,6,5186.75,1.1560297874391479
2025-02-10,39960,64182.6,10,10,26,2025,2,February,7,Monday,0,3996.0,1.606171171171171
2025-02-11,58280,87051.6,11,11,28,2025,2,February,7,Tuesday,1,5298.181818181818,1.4936787920384353
2025-02-12,44560,37751.4,9,9,21,2025,2,February,7,Wednesday,2,4951.111111111111,0.8472037701974866
2025-02-13,46500,64875.4,9,9,22,2025,2,February,7,Thursday,3,5166.666666666667,1.3951698924731184
2025-02-14,25640,42871.6,6,6,18,2025,2,February,7,Friday,4,4273.333333333333,1.6720592823712948
2025-02-15,56470,116131.3,10,10,32,2025,2,February,7,Saturday,5,5647.0,2.0565131928457587
2025-02-16,27460,35192.1,9,9,22,2025,2,February,7,Sunday,6,3051.1111111111113,1.2815768390386015
2025-02-17,53086,88115.02,11,11,32,2025,2,February,8,Monday,0,4826.0,1.6598541988471538
2025-02-18,40090,51278.0,7,7,17,2025,2,February,8,Tuesday,1,5727.142857142857,1.2790720878024444
2025-02-19,34520,22327.199999999997,6,6,11,2025,2,February,8,Wednesday,2,5753.333333333333,0.6467902665121668
2025-02-20,26940,40022.5,6,6,17,2025,2,February,8,Thursday,3,4490.0,1.4856161841128435
2025-02-21,36380,80160.4,9,9,33,2025,2,February,8,Friday,4,4042.222222222222,2.203419461242441
2025-02-22,55354,57102.64,11,11,22,2025,2,February,8,Saturday,5,5032.181818181818,1.0315901289879683
2025-02-23,29970,25435.0,5,5,9,2025,2,February,8,Sunday,6,5994.0,0.848682015348682
2025-02-24,45130,69975.1,8,8,20,2025,2,February,9,Monday,0,5641.25,1.5505229337469533
2025-02-25,21150,25218.4,6,6,15,2025,2,February,9,Tuesday,1,3525.0,1.1923593380614659
2025-02-26,63540,72584.9,13,13,28,2025,2,February,9,Wednesday,2,4887.692307692308,1.1423497009757633
2025-02-27,37970,31892.0,9,9,20,2025,2,February,9,Thursday,3,4218.888888888889,0.8399262575717672
2025-02-28,51780,44920.0,10,10,19,2025,2,February,9,Friday,4,5178.0,0.8675164156044805
2025-03-01,35540,53224.3,7,6,19,2025,3,March,9,Saturday,5,5077.142857142857,1.4975886325267305
2025-03-02,21740,42460.4,4,4,13,2025,3,March,9,Sunday,6,5435.0,1.9531002759889604
2025-03-03,67781,115674.21,11,11,29,2025,3,March,10,Monday,0,6161.909090909091,1.7065875392809196
2025-03-04,73168,95131.51999999999,14,14,33,2025,3,March,10,Tuesday,1,5226.285714285715,1.300179313361032
2025-03-05,23568,37215.6,4,4,11,2025,3,March,10,Wednesday,2,5892.0,1.5790733197556008
2025-03-06,41390,57830.7,7,7,18,2025,3,March,10,Thursday,3,5912.857142857143,1.3972143029717323
2025-03-07,50708,52473.76,12,12,28,2025,3,March,10,Friday,4,4225.666666666667,1.0348221187978228
2025-03-08,15160,19029.8,5,5,12,2025,3,March,10,Saturday,5,3032.0,1.255263852242744
2025-03-09,44638,64953.939999999995,11,11,27,2025,3,March,10,Sunday,6,4058.0,1.4551265737712262
2025-03-10,15170,28615.1,4,4,12,2025,3,March,11,Monday,0,3792.5,1.8862953197099537
2025-03-11,53730,100941.2,11,11,34,2025,3,March,11,Tuesday,1,4884.545454545455,1.8786748557602828
2025-03-12,45790,58660.200000000004,10,10,27,2025,3,March,11,Wednesday,2,4579.0,1.2810701026424984
2025-03-13,25550,35488.1,5,5,13,2025,3,March,11,Thursday,3,5110.0,1.3889667318982386
2025-03-14,42720,46074.4,10,10,24,2025,3,March,11,Friday,4,4272.0,1.0785205992509364
2025-03-15,39420,74295.90000000001,7,7,19,2025,3,March,11,Saturday,5,5631.428571428572,1.8847260273972606
2025-03-16,46243,57562.39,8,8,20,2025,3,March,11,Sunday,6,5780.375,1.2447806154444998
2025-03-17,35004,33996.72,8,8,16,2025,3,March,12,Monday,0,4375.5,0.9712238601302708
2025-03-18,33720,42894.0,7,7,18,2025,3,March,12,Tuesday,1,4817.142857142857,1.2720640569395019
2025-03-19,34980,50214.8,5,5,12,2025,3,March,12,Wednesday,2,6996.0,1.4355288736420813
2025-03-20,23776,19789.92,6,6,12,2025,3,March,12,Thursday,3,3962.6666666666665,0.8323485868102287
2025-03-21,70994,109614.38,17,15,46,2025,3,March,12,Friday,4,4176.117647058823,1.5439949854917319
2025-03-22,49964,69153.64,11,11,24,2025,3,March,12,Saturday,5,4542.181818181818,1.3840693299175406
2025-03-23,11300,22918.8,4,4,12,2025,3,March,12,Sunday,6,2825.0,2.028212389380531
2025-03-24,32450,21309.8,8,8,14,2025,3,March,13,Monday,0,4056.25,0.6566964560862866
2025-03-25,48440,62849.7,11,11,26,2025,3,March,13,Tuesday,1,4403.636363636364,1.2974752270850536
2025-03-26,22410,33210.1,5,5,14,2025,3,March,13,Wednesday,2,4482.0,1.4819321731369923
2025-03-27,32850,50279.2,8,8,20,2025,3,March,13,Thursday,3,4106.25,1.5305692541856926
2025-03-28,27278,24947.98,8,8,18,2025,3,March,13,Friday,4,3409.75,0.9145824473935039
2025-03-29,37150,56333.8,6,6,17,2025,3,March,13,Saturday,5,6191.666666666667,1.5163876177658144
2025-03-30,33090,68269.3,6,6,19,2025,3,March,13,Sunday,6,5515.0,2.063139921426413
2025-03-31,21984,34553.08,5,5,15,2025,3,March,14,Monday,0,4396.8,1.5717376273653567
2025-04-01,30860,29687.600000000002,8,8,18,2025,4,April,14,Tuesday,1,3857.5,0.9620090732339599
2025-04-02,52844,62651.6,11,11,27,2025,4,April,14,Wednesday,2,4804.0,1.1855953372189842
2025-04-03,51580,63836.90000000001,10,10,24,2025,4,April,14,Thursday,3,5158.0,1.237628925940287
2025-04-04,65940,92884.7,15,15,38,2025,4,April,14,Friday,4,4396.0,1.4086245071276917
2025-04-05,56396,67604.64,10,10,23,2025,4,April,14,Saturday,5,5639.6,1.1987488474359884
2025-04-06,75104,94004.74,12,12,30,2025,4,April,14,Sunday,6,6258.666666666667,1.2516608968896463
2025-04-07,47840,48423.0,8,8,18,2025,4,April,15,Monday,0,5980.0,1.0121864548494983
2025-04-08,32710,56862.8,6,6,18,2025,4,April,15,Tuesday,1,5451.666666666667,1.7383919290736778
2025-04-09,20018,32533.22,3,3,8,2025,4,April,15,Wednesday,2,6672.666666666667,1.6251983215106405
2025-04-10,39160,41531.0,12,12,26,2025,4,April,15,Thursday,3,3263.3333333333335,1.0605464759959142
2025-04-11,57040,31065.1,10,10,16,2025,4,April,15,Friday,4,5704.0,0.5446195652173913
2025-04-12,58750,103235.3,11,11,32,2025,4,April,15,Saturday,5,5340.909090909091,1.757196595744681
2025-04-13,57948,103208.78,10,10,26,2025,4,April,15,Sunday,6,5794.8,1.7810585352384896
2025-04-14,28040,40021.2,7,7,20,2025,4,April,16,Monday,0,4005.714285714286,1.4272895863052781
2025-04-15,35230,36277.0,9,9,20,2025,4,April,16,Tuesday,1,3914.4444444444443,1.0297189894975873
2025-04-16,51790,40879.1,10,10,19,2025,4,April,16,Wednesday,2,5179.0,0.7893241938598184
2025-04-17,45036,82976.4,9,9,26,2025,4,April,16,Thursday,3,5004.0,1.8424460431654675
2025-04-18,41856,54178.28,10,10,27,2025,4,April,16,Friday,4,4185.6,1.294396980122324
2025-04-19,39700,37455.3,7,7,13,2025,4,April,16,Saturday,5,5671.428571428572,0.9434584382871537
2025-04-20,51252,89029.18,12,11,34,2025,4,April,16,Sunday,6,4271.0,1.7370869429485678
2025-04-21,41508,40321.42,8,8,15,2025,4,April,17,Monday,0,5188.5,0.9714132215476534
2025-04-22,43976,62951.24,12,12,29,2025,4,April,17,Tuesday,1,3664.6666666666665,1.4314908131708204
2025-04-23,58370,37513.7,11,11,22,2025,4,April,17,Wednesday,2,5306.363636363636,0.6426880246702072
2025-04-24,63540,72934.59999999999,13,13,29,2025,4,April,17,Thursday,3,4887.692307692308,1.147853320742839
2025-04-25,25160,22776.2,5,5,13,2025,4,April,17,Friday,4,5032.0,0.9052543720190779
2025-04-26,68300,82546.2,16,16,36,2025,4,April,17,Saturday,5,4268.75,1.2085827232796487
2025-04-27,14440,13104.199999999999,3,3,6,2025,4,April,17,Sunday,6,4813.333333333333,0.9074930747922437
2025-04-28,31880,44656.6,7,7,15,2025,4,April,18,Monday,0,4554.285714285715,1.400771643663739
2025-04-29,54950,109184.6,9,9,30,2025,4,April,18,Tuesday,1,6105.555555555556,1.9869808917197453
2025-04-30,25570,37808.3,5,5,13,2025,4,April,18,Wednesday,2,5114.0,1.478619475948377
2025-05-01,41600,61656.3,8,8,20,2025,5,May,18,Thursday,3,5200.0,1.4821225961538462
2025-05-02,63620,75576.4,12,12,26,2025,5,May,18,Friday,4,5301.666666666667,1.1879346117573089
2025-05-03,23500,45720.2,6,6,19,2025,5,May,18,Saturday,5,3916.6666666666665,1.9455404255319149
2025-05-04,30110,62901.3,4,4,16,2025,5,May,18,Sunday,6,7527.5,2.0890501494520093
2025-05-05,30300,40224.4,5,5,12,2025,5,May,19,Monday,0,6060.0,1.3275379537953795
2025-05-06,30960,63731.1,6,6,21,2025,5,May,19,Tuesday,1,5160.0,2.058498062015504
2025-05-07,48016,67144.45999999999,11,11,26,2025,5,May,19,Wednesday,2,4365.090909090909,1.3983767910696432
2025-05-08,43530,93536.79999999999,8,8,27,2025,5,May,19,Thursday,3,5441.25,2.1487893406845853
2025-05-09,41880,17494.9,9,9,14,2025,5,May,19,Friday,4,4653.333333333333,0.41773877745940785
2025-05-10,49090,57471.299999999996,7,7,17,2025,5,May,19,Saturday,5,7012.857142857143,1.1707333469138317
2025-05-11,41760,40392.6,6,6,16,2025,5,May,19,Sunday,6,6960.0,0.9672557471264367
2025-05-12,69978,81949.94,12,12,28,2025,5,May,20,Monday,0,5831.5,1.171081482751722
2025-05-13,68640,109026.5,13,13,41,2025,5,May,20,Tuesday,1,5280.0,1.5883814102564102
2025-05-14,43020,53401.7,9,9,24,2025,5,May,20,Wednesday,2,4780.0,1.241322640632264
2025-05-15,43940,59382.3,10,10,25,2025,5,May,20,Thursday,3,4394.0,1.3514406008192992
2025-05-16,61390,71799.6,11,11,28,2025,5,May,20,Friday,4,5580.909090909091,1.1695650757452354
2025-05-17,38338,47461.68,8,8,20,2025,5,May,20,Saturday,5,4792.25,1.237980071991236
2025-05-18,58040,107921.7,12,11,35,2025,5,May,20,Sunday,6,4836.666666666667,1.8594365954514127
2025-05-19,33020,54533.8,6,6,17,2025,5,May,21,Monday,0,5503.333333333333,1.6515384615384616
2025-05-20,72450,113295.6,12,12,31,2025,5,May,21,Tuesday,1,6037.5,1.563776397515528
2025-05-21,50316,53797.700000000004,11,11,25,2025,5,May,21,Wednesday,2,4574.181818181818,1.0691966770013515
2025-05-22,42238,30278.58,8,8,17,2025,5,May,21,Thursday,3,5279.75,0.7168563852455135
2025-05-23,62724,119518.58,10,10,33,2025,5,May,21,Friday,4,6272.4,1.9054680823927046
2025-05-24,25560,44115.6,6,6,16,2025,5,May,21,Saturday,5,4260.0,1.725962441314554
2025-05-25,11650,24940.5,4,4,12,2025,5,May,21,Sunday,6,2912.5,2.140815450643777
2025-05-26,30000,47963.8,7,7,19,2025,5,May,22,Monday,0,4285.714285714285,1.5987933333333335
2025-05-27,29138,51504.18,7,7,19,2025,5,May,22,Tuesday,1,4162.571428571428,1.7675948932665249
2025-05-28,58298,75576.7,12,12,29,2025,5,May,22,Wednesday,2,4858.166666666667,1.2963858108339907
2025-05-29,54558,66273.3,12,12,31,2025,5,May,22,Thursday,3,4546.5,1.2147311118442758
2025-05-30,29988,56410.38,5,5,16,2025,5,May,22,Friday,4,5997.6,1.8810984393757502
2025-05-31,40268,45028.72,10,10,22,2025,5,May,22,Saturday,5,4026.8,1.1182258865600476
2025-06-01,49648,59422.0,8,8,17,2025,6,June,22,Sunday,6,6206.0,1.1968659361907832
2025-06-02,30160,48752.0,7,7,20,2025,6,June,23,Monday,0,4308.571428571428,1.6164456233421751
2025-06-03,72596,67518.3,13,13,29,2025,6,June,23,Tuesday,1,5584.307692307692,0.930055374951788
2025-06-04,57710,69695.4,11,11,25,2025,6,June,23,Wednesday,2,5246.363636363636,1.207683243805233
2025-06-05,55930,98610.4,11,11,32,2025,6,June,23,Thursday,3,5084.545454545455,1.7631038798498122
2025-06-06,28360,38177.5,8,8,17,2025,6,June,23,Friday,4,3545.0,1.3461741889985896
2025-06-07,73868,81369.92,14,14,31,2025,6,June,23,Saturday,5,5276.285714285715,1.1015584556235447
2025-06-08,31760,65477.0,5,5,12,2025,6,June,23,Sunday,6,6352.0,2.06161838790932
2025-06-09,44330,54081.8,10,10,26,2025,6,June,24,Monday,0,4433.0,1.2199819535303407
2025-06-10,19870,35589.2,6,6,18,2025,6,June,24,Tuesday,1,3311.6666666666665,1.7911021640664317
2025-06-11,42640,52587.899999999994,11,11,23,2025,6,June,24,Wednesday,2,3876.3636363636365,1.2332997185741086
2025-06-12,46336,38521.36,7,7,12,2025,6,June,24,Thursday,3,6619.428571428572,0.83134841160221
2025-06-13,15100,32744.0,3,3,9,2025,6,June,24,Friday,4,5033.333333333333,2.168476821192053
2025-06-14,41178,54742.72,8,8,20,2025,6,June,24,Saturday,5,5147.25,1.3294166788090729
2025-06-15,32578,45143.96,7,7,16,2025,6,June,24,Sunday,6,4654.0,1.3857191970041132
2025-06-16,54233,51479.61,10,10,19,2025,6,June,25,Monday,0,5423.3,0.9492303579001715
2025-06-17,45240,65754.0,11,11,29,2025,6,June,25,Tuesday,1,4112.727272727273,1.453448275862069
2025-06-18,11730,14685.2,3,3,7,2025,6,June,25,Wednesday,2,3910.0,1.2519352088661553
2025-06-19,57081,55235.36,12,12,28,2025,6,June,25,Thursday,3,4756.75,0.9676662987684168
2025-06-20,16180,21993.4,3,3,8,2025,6,June,25,Friday,4,5393.333333333333,1.3592954264524104
2025-06-21,50160,40400.2,10,10,20,2025,6,June,25,Saturday,5,5016.0,0.80542663476874
2025-06-22,46248,77410.72,10,10,30,2025,6,June,25,Sunday,6,4624.8,1.673817678602318
2025-06-23,49733,85706.23,10,10,32,2025,6,June,26,Monday,0,4973.3,1.7233271670721653
2025-06-24,45084,68936.12,10,10,23,2025,6,June,26,Tuesday,1,4508.4,1.5290595333155885
2025-06-25,46194,49524.82,11,11,25,2025,6,June,26,Wednesday,2,4199.454545454545,1.0721050352859678
2025-06-26,12010,12420.5,3,3,6,2025,6,June,26,Thursday,3,4003.3333333333335,1.034179850124896
2025-06-27,34150,59651.1,5,5,14,2025,6,June,26,Friday,4,6830.0,1.7467379209370424
2025-06-28,35750,42533.7,9,9,21,2025,6,June,26,Saturday,5,3972.222222222222,1.1897538461538462
2025-06-29,65180,61065.5,14,14,29,2025,6,June,26,Sunday,6,4655.714285714285,0.9368748082233814
2025-06-30,78892,114894.28,11,11,26,2025,6,June,27,Monday,0,7172.0,1.4563489327181462
2025-07-01,41040,42319.0,8,8,17,2025,7,July,27,Tuesday,1,5130.0,1.0311647173489278
2025-07-02,19364,28730.04,5,5,11,2025,7,July,27,Wednesday,2,3872.8,1.4836831233216279
2025-07-03,28760,30369.6,4,4,8,2025,7,July,27,Thursday,3,7190.0,1.0559666203059805
2025-07-04,93733,139736.63,16,16,43,2025,7,July,27,Friday,4,5858.3125,1.4907943840483076
2025-07-05,46600,86623.0,7,7,22,2025,7,July,27,Saturday,5,6657.142857142857,1.858862660944206
2025-07-06,56720,96553.0,8,8,22,2025,7,July,27,Sunday,6,7090.0,1.702274330042313
2025-07-07,37754,80912.02,8,8,27,2025,7,July,28,Monday,0,4719.25,2.143137680775547
2025-07-08,59580,72781.8,11,11,25,2025,7,July,28,Tuesday,1,5416.363636363636,1.2215810674723062
2025-07-09,13060,15766.2,3,3,9,2025,7,July,28,Wednesday,2,4353.333333333333,1.2072128637059725
2025-07-10,57490,86161.0,11,11,31,2025,7,July,28,Thursday,3,5226.363636363636,1.4987128196208037
2025-07-11,36570,38732.6,7,7,18,2025,7,July,28,Friday,4,5224.285714285715,1.05913590374624
2025-07-12,29948,36342.32,7,7,18,2025,7,July,28,Saturday,5,4278.285714285715,1.2135140910912248
2025-07-13,49940,67582.9,9,9,24,2025,7,July,28,Sunday,6,5548.888888888889,1.353281938325991
2025-07-14,61138,98261.74,13,13,34,2025,7,July,29,Monday,0,4702.923076923077,1.6072122084464655
2025-07-15,14080,13724.6,2,2,4,2025,7,July,29,Tuesday,1,7040.0,0.9747585227272727
2025-07-16,66108,90089.18,12,12,29,2025,7,July,29,Wednesday,2,5509.0,1.3627576087614206
2025-07-17,26832,26458.36,4,4,11,2025,7,July,29,Thursday,3,6708.0,0.9860748360166965
2025-07-18,20940,25257.399999999998,5,5,11,2025,7,July,29,Friday,4,4188.0,1.2061795606494745
2025-07-19,54499,86472.34,13,13,34,2025,7,July,29,Saturday,5,4192.2307692307695,1.5866775537165818
2025-07-20,45410,50427.3,11,11,30,2025,7,July,29,Sunday,6,4128.181818181818,1.1104888791015195
2025-07-21,38230,36068.3,8,8,18,2025,7,July,30,Monday,0,4778.75,0.9434554015171333
2025-07-22,20480,35968.3,6,6,14,2025,7,July,30,Tuesday,1,3413.3333333333335,1.7562646484375002
2025-07-23,62599,86735.07,12,11,34,2025,7,July,30,Wednesday,2,5216.583333333333,1.3855663828495663
2025-07-24,50120,50148.1,10,10,23,2025,7,July,30,Thursday,3,5012.0,1.0005606544293695
2025-07-25,37086,72913.52,9,9,27,2025,7,July,30,Friday,4,4120.666666666667,1.966065900879038
2025-07-26,34828,43868.8,10,10,24,2025,7,July,30,Saturday,5,3482.8,1.2595842425634547
2025-07-27,32768,15270.32,7,7,11,2025,7,July,30,Sunday,6,4681.142857142857,0.46601318359375
2025-07-28,51660,57901.2,12,12,30,2025,7,July,31,Monday,0,4305.0,1.1208130081300813
2025-07-29,21780,26887.0,5,5,14,2025,7,July,31,Tuesday,1,4356.0,1.2344811753902662
2025-07-30,23930,37072.8,6,6,16,2025,7,July,31,Wednesday,2,3988.3333333333335,1.5492185541161723
2025-07-31,42022,88020.08,10,10,32,2025,7,July,31,Thursday,3,4202.2,2.0946190090904766
2025-08-01,34590,48046.9,7,7,17,2025,8,August,31,Friday,4,4941.428571428572,1.3890401850245737
2025-08-02,56442,79366.36,13,13,33,2025,8,August,31,Saturday,5,4341.692307692308,1.4061578257326104
2025-08-03,53370,48530.4,11,11,23,2025,8,August,31,Sunday,6,4851.818181818182,0.9093198426082069
2025-08-04,67460,83225.4,13,13,28,2025,8,August,32,Monday,0,5189.2307692307695,1.2336999703528015
2025-08-05,65710,66996.0,14,14,29,2025,8,August,32,Tuesday,1,4693.571428571428,1.0195708415766245
2025-08-06,35248,49433.56,7,7,17,2025,8,August,32,Wednesday,2,5035.428571428572,1.4024500680889695
2025-08-07,43074,46831.479999999996,8,8,17,2025,8,August,32,Thursday,3,5384.25,1.087233133676928
2025-08-08,38600,66329.0,8,8,24,2025,8,August,32,Friday,4,4825.0,1.7183678756476684
2025-08-09,34606,48162.76,7,7,18,2025,8,August,32,Saturday,5,4943.714285714285,1.3917459400104029
2025-08-10,68280,78801.58,11,11,29,2025,8,August,32,Sunday,6,6207.272727272727,1.1540946104276508
2025-08-11,38610,47748.8,11,11,34,2025,8,August,33,Monday,0,3510.0,1.2366951566951567
2025-08-12,24890,35360.8,7,7,18,2025,8,August,33,Tuesday,1,3555.714285714286,1.4206830052229813
2025-08-13,11628,26635.64,2,2,7,2025,8,August,33,Wednesday,2,5814.0,2.2906467148262815
2025-08-14,66368,103239.02,12,12,34,2025,8,August,33,Thursday,3,5530.666666666667,1.5555541827386692
2025-08-15,39780,37463.9,10,10,20,2025,8,August,33,Friday,4,3978.0,0.9417772750125691
2025-08-16,55330,72479.6,10,10,26,2025,8,August,33,Saturday,5,5533.0,1.3099512018796313
2025-08-17,35100,12845.900000000001,8,8,16,2025,8,August,33,Sunday,6,4387.5,0.36598005698005703
2025-08-18,43900,39846.0,8,8,18,2025,8,August,34,Monday,0,5487.5,0.9076537585421413
2025-08-19,9180,7817.0,1,1,2,2025,8,August,34,Tuesday,1,9180.0,0.851525054466231
2025-08-20,13930,23832.4,4,4,11,2025,8,August,34,Wednesday,2,3482.5,1.7108686288585788
2025-08-21,50678,30057.44,12,12,23,2025,8,August,34,Thursday,3,4223.166666666667,0.5931062788586763
2025-08-22,52402,47967.12,13,13,30,2025,8,August,34,Friday,4,4030.923076923077,0.915368115720774
2025-08-23,66230,73498.5,10,10,24,2025,8,August,34,Saturday,5,6623.0,1.1097463385172883
2025-08-24,34780,29483.8,9,9,17,2025,8,August,34,Sunday,6,3864.4444444444443,0.8477228292121909
2025-08-25,26488,33307.92,5,5,13,2025,8,August,35,Monday,0,5297.6,1.2574720628209
2025-08-26,32488,46352.22,9,9,24,2025,8,August,35,Tuesday,1,3609.777777777778,1.426748953459739
2025-08-27,41170,63456.6,6,6,17,2025,8,August,35,Wednesday,2,6861.666666666667,1.5413310663104203
2025-08-28,70708,65377.2,14,14,28,2025,8,August,35,Thursday,3,5050.571428571428,0.9246082480058833
2025-08-29,40900,50147.9,7,7,18,2025,8,August,35,Friday,4,5842.857142857143,1.2261100244498777
2025-08-30,38462,52543.700000000004,10,10,25,2025,8,August,35,Saturday,5,3846.2,1.3661198065623215
2025-08-31,68190,64508.9,10,10,21,2025,8,August,35,Sunday,6,6819.0,0.9460170112919783
2025-09-01,54700,66286.0,12,12,29,2025,9,September,36,Monday,0,4558.333333333333,1.2118098720292505
2025-09-02,25606,19033.260000000002,7,7,16,2025,9,September,36,Tuesday,1,3658.0,0.7433125048816684
2025-09-03,51340,73159.9,10,10,27,2025,9,September,36,Wednesday,2,5134.0,1.4250077911959484
2025-09-04,38486,63022.740000000005,9,9,23,2025,9,September,36,Thursday,3,4276.222222222223,1.637549758353687
2025-09-05,28990,46193.600000000006,6,6,15,2025,9,September,36,Friday,4,4831.666666666667,1.5934322180062093
2025-09-06,42540,78004.9,9,9,26,2025,9,September,36,Saturday,5,4726.666666666667,1.833683591913493
2025-09-07,20590,15796.4,6,6,12,2025,9,September,36,Sunday,6,3431.6666666666665,0.7671879553181156
2025-09-08,91260,104007.0,16,16,38,2025,9,September,37,Monday,0,5703.75,1.1396778435239974
2025-09-09,43210,51018.6,7,7,17,2025,9,September,37,Tuesday,1,6172.857142857143,1.1807127979634344
2025-09-10,41590,43761.4,10,10,26,2025,9,September,37,Wednesday,2,4159.0,1.0522096657850446
2025-09-11,34130,64295.2,6,6,18,2025,9,September,37,Thursday,3,5688.333333333333,1.8838324055083504
2025-09-12,41938,74043.0,8,8,22,2025,9,September,37,Friday,4,5242.25,1.7655348371405408
2025-09-13,41660,60880.5,8,8,23,2025,9,September,37,Saturday,5,5207.5,1.461365818530965
2025-09-14,52440,97661.36,10,10,28,2025,9,September,37,Sunday,6,5244.0,1.8623447749809305
2025-09-15,69036,98463.7,12,12,36,2025,9,September,38,Monday,0,5753.0,1.4262660061417232
2025-09-16,43990,81809.7,9,9,24,2025,9,September,38,Tuesday,1,4887.777777777777,1.8597340304614685
2025-09-17,57150,73654.8,11,11,27,2025,9,September,38,Wednesday,2,5195.454545454545,1.2887979002624672
2025-09-18,66710,86707.9,15,15,38,2025,9,September,38,Thursday,3,4447.333333333333,1.2997736471293657
2025-09-19,34800,52561.2,6,6,18,2025,9,September,38,Friday,4,5800.0,1.5103793103448275
2025-09-20,76588,124213.81999999999,18,18,48,2025,9,September,38,Saturday,5,4254.888888888889,1.6218444142685537
2025-09-21,42230,57568.3,6,6,13,2025,9,September,38,Sunday,6,7038.333333333333,1.3632086194648354
2025-09-22,64968,87642.22,12,12,32,2025,9,September,39,Monday,0,5414.0,1.349005972170915
2025-09-23,18300,34484.4,6,6,16,2025,9,September,39,Tuesday,1,3050.0,1.884393442622951
2025-09-24,43744,49617.82,10,10,22,2025,9,September,39,Wednesday,2,4374.4,1.1342771580102413
2025-09-25,45938,47937.100000000006,7,7,16,2025,9,September,39,Thursday,3,6562.571428571428,1.0435173494710264
2025-09-26,47090,73343.5,8,8,24,2025,9,September,39,Friday,4,5886.25,1.5575175196432363
2025-09-27,47850,70192.0,10,10,29,2025,9,September,39,Saturday,5,4785.0,1.4669174503657263
2025-09-28,40840,69098.8,7,7,22,2025,9,September,39,Sunday,6,5834.285714285715,1.6919392752203724
