user_id,registration_date,country,device
user_0,2024-02-21,France,iPhone
user_1,2024-01-15,USA,Android
user_2,2024-03-12,France,Android
user_3,2024-03-01,India,Android
user_4,2024-01-21,France,iPhone
user_5,2024-03-23,France,iPhone
user_6,2024-03-27,India,iPhone
user_7,2024-03-15,USA,iPhone
user_8,2024-03-15,USA,Android
user_9,2024-03-28,Germany,Android
user_10,2024-01-24,India,Android
user_11,2024-01-03,UK,Android
user_12,2024-01-22,Germany,iPhone
user_13,2024-02-22,France,Android
user_14,2024-01-02,UK,iPhone
user_15,2024-03-28,France,iPhone
user_16,2024-01-30,India,iPhone
user_17,2024-02-07,Germany,iPhone
user_18,2024-01-02,Germany,iPhone
user_19,2024-03-04,UK,Android
user_20,2024-02-29,Germany,iPhone
user_21,2024-01-21,UK,iPhone
user_22,2024-02-02,UK,iPhone
user_23,2024-03-16,Germany,Android
user_24,2024-02-27,USA,iPhone
user_25,2024-01-22,USA,Android
user_26,2024-03-29,Germany,iPhone
user_27,2024-02-18,UK,Android
user_28,2024-03-31,UK,iPhone
user_29,2024-02-28,France,Android
user_30,2024-02-11,France,Android
user_31,2024-02-29,USA,iPhone
user_32,2024-03-20,India,iPhone
user_33,2024-01-15,UK,iPhone
user_34,2024-03-02,France,iPhone
user_35,2024-03-02,Germany,iPhone
user_36,2024-02-16,India,Android
user_37,2024-03-02,France,iPhone
user_38,2024-02-20,France,iPhone
user_39,2024-02-24,France,iPhone
user_40,2024-03-04,USA,iPhone
user_41,2024-01-03,USA,Android
user_42,2024-02-20,France,iPhone
user_43,2024-01-07,UK,Android
user_44,2024-01-21,France,Android
user_45,2024-03-13,USA,Android
user_46,2024-02-08,Germany,Android
user_47,2024-01-18,UK,iPhone
user_48,2024-01-04,UK,Android
user_49,2024-03-29,Germany,iPhone
user_50,2024-02-29,Germany,iPhone
user_51,2024-01-14,Germany,Android
user_52,2024-01-09,UK,Android
user_53,2024-03-30,UK,Android
user_54,2024-02-22,France,iPhone
user_55,2024-01-02,USA,iPhone
user_56,2024-03-24,Germany,Android
user_57,2024-02-29,Germany,iPhone
user_58,2024-03-11,France,Android
user_59,2024-02-13,Germany,Android
user_60,2024-01-08,India,iPhone
user_61,2024-02-16,India,iPhone
user_62,2024-02-04,UK,iPhone
user_63,2024-03-18,USA,iPhone
user_64,2024-03-21,UK,Android
user_65,2024-02-05,USA,iPhone
user_66,2024-02-19,Germany,Android
user_67,2024-01-04,India,iPhone
user_68,2024-01-02,USA,Android
user_69,2024-01-06,USA,iPhone
user_70,2024-02-23,USA,iPhone
user_71,2024-01-04,France,iPhone
user_72,2024-02-23,Germany,Android
user_73,2024-03-03,USA,Android
user_74,2024-01-18,India,Android
user_75,2024-03-30,France,iPhone
user_76,2024-02-13,USA,iPhone
user_77,2024-02-03,France,iPhone
user_78,2024-03-14,France,iPhone
user_79,2024-03-02,UK,iPhone
user_80,2024-01-14,USA,Android
user_81,2024-02-17,USA,Android
user_82,2024-01-15,USA,Android
user_83,2024-03-12,India,Android
user_84,2024-03-18,India,iPhone
user_85,2024-03-27,USA,iPhone
user_86,2024-03-02,USA,iPhone
user_87,2024-02-09,USA,Android
user_88,2024-03-25,USA,iPhone
user_89,2024-03-20,India,iPhone
user_90,2024-03-22,UK,iPhone
user_91,2024-02-22,UK,iPhone
user_92,2024-01-24,USA,Android
user_93,2024-01-26,Germany,Android
user_94,2024-03-29,UK,iPhone
user_95,2024-02-29,France,Android
user_96,2024-02-10,USA,Android
user_97,2024-01-29,France,iPhone
user_98,2024-01-15,Germany,iPhone
user_99,2024-02-14,USA,iPhone
user_100,2024-03-05,UK,iPhone
user_101,2024-03-29,India,Android
user_102,2024-03-11,India,iPhone
user_103,2024-01-09,UK,Android
user_104,2024-03-28,UK,iPhone
user_105,2024-01-01,India,iPhone
user_106,2024-01-08,Germany,iPhone
user_107,2024-03-28,USA,iPhone
user_108,2024-03-03,India,iPhone
user_109,2024-01-11,USA,Android
user_110,2024-03-21,Germany,iPhone
user_111,2024-01-08,USA,Android
user_112,2024-02-04,USA,iPhone
user_113,2024-02-04,UK,iPhone
user_114,2024-02-02,France,iPhone
user_115,2024-01-05,USA,iPhone
user_116,2024-02-10,USA,iPhone
user_117,2024-01-28,USA,iPhone
user_118,2024-01-07,Germany,iPhone
user_119,2024-03-13,India,iPhone
user_120,2024-03-12,UK,iPhone
user_121,2024-01-12,Germany,iPhone
user_122,2024-02-03,India,Android
user_123,2024-02-02,Germany,Android
user_124,2024-02-17,USA,iPhone
user_125,2024-01-23,USA,iPhone
user_126,2024-03-02,UK,Android
user_127,2024-03-28,UK,Android
user_128,2024-02-06,UK,iPhone
user_129,2024-02-13,France,Android
user_130,2024-03-26,UK,iPhone
user_131,2024-03-31,UK,iPhone
user_132,2024-02-04,Germany,Android
user_133,2024-03-05,UK,iPhone
user_134,2024-02-16,India,Android
user_135,2024-03-18,Germany,Android
user_136,2024-01-03,USA,iPhone
user_137,2024-01-01,France,iPhone
user_138,2024-01-05,Germany,iPhone
user_139,2024-03-30,Germany,iPhone
user_140,2024-01-14,UK,Android
user_141,2024-01-27,UK,iPhone
user_142,2024-01-09,France,iPhone
user_143,2024-03-19,USA,Android
user_144,2024-01-15,UK,iPhone
user_145,2024-03-30,USA,Android
user_146,2024-02-11,France,iPhone
user_147,2024-03-17,USA,Android
user_148,2024-02-20,India,iPhone
user_149,2024-03-03,Germany,iPhone
user_150,2024-02-21,India,iPhone
user_151,2024-01-04,India,iPhone
user_152,2024-01-23,India,Android
user_153,2024-01-15,India,Android
user_154,2024-02-12,UK,Android
user_155,2024-01-29,Germany,iPhone
user_156,2024-02-05,USA,iPhone
user_157,2024-01-13,USA,iPhone
user_158,2024-02-01,Germany,iPhone
user_159,2024-03-11,Germany,Android
user_160,2024-02-28,UK,iPhone
user_161,2024-03-26,Germany,iPhone
user_162,2024-01-28,India,iPhone
user_163,2024-03-06,Germany,Android
user_164,2024-02-11,France,Android
user_165,2024-02-14,India,Android
user_166,2024-03-02,India,iPhone
user_167,2024-02-26,Germany,iPhone
user_168,2024-01-06,India,Android
user_169,2024-01-28,India,Android
user_170,2024-01-28,India,iPhone
user_171,2024-02-13,USA,Android
user_172,2024-03-24,UK,Android
user_173,2024-01-30,UK,Android
user_174,2024-03-02,USA,Android
user_175,2024-03-15,Germany,iPhone
user_176,2024-03-29,France,iPhone
user_177,2024-03-02,India,iPhone
user_178,2024-01-01,USA,Android
user_179,2024-01-27,India,Android
user_180,2024-03-02,Germany,Android
user_181,2024-03-17,France,iPhone
user_182,2024-01-03,India,Android
user_183,2024-03-10,Germany,Android
user_184,2024-03-12,UK,Android
user_185,2024-01-27,India,Android
user_186,2024-01-09,UK,Android
user_187,2024-03-02,USA,iPhone
user_188,2024-02-06,India,iPhone
user_189,2024-02-20,UK,iPhone
user_190,2024-02-13,France,iPhone
user_191,2024-01-24,UK,Android
user_192,2024-03-19,India,Android
user_193,2024-02-28,USA,iPhone
user_194,2024-02-01,India,iPhone
user_195,2024-03-28,France,Android
user_196,2024-02-21,USA,iPhone
user_197,2024-03-02,Germany,iPhone
user_198,2024-02-27,India,iPhone
user_199,2024-02-21,UK,iPhone
user_200,2024-01-12,USA,iPhone
user_201,2024-02-08,UK,iPhone
user_202,2024-01-02,Germany,iPhone
user_203,2024-01-03,France,Android
user_204,2024-02-25,France,iPhone
user_205,2024-03-21,UK,Android
user_206,2024-02-28,USA,iPhone
user_207,2024-01-02,Germany,iPhone
user_208,2024-01-02,UK,Android
user_209,2024-02-23,USA,iPhone
user_210,2024-03-27,India,iPhone
user_211,2024-01-01,France,iPhone
user_212,2024-01-19,France,Android
user_213,2024-01-02,India,iPhone
user_214,2024-02-22,Germany,iPhone
user_215,2024-02-13,India,Android
user_216,2024-03-30,UK,iPhone
user_217,2024-02-01,USA,Android
user_218,2024-03-10,UK,Android
user_219,2024-02-01,UK,Android
user_220,2024-03-08,France,iPhone
user_221,2024-02-24,USA,Android
user_222,2024-03-15,USA,iPhone
user_223,2024-02-25,USA,iPhone
user_224,2024-01-17,USA,iPhone
user_225,2024-02-07,France,Android
user_226,2024-01-24,USA,iPhone
user_227,2024-03-09,Germany,iPhone
user_228,2024-03-10,UK,iPhone
user_229,2024-03-26,Germany,Android
user_230,2024-01-11,India,Android
user_231,2024-01-16,UK,Android
user_232,2024-03-13,France,iPhone
user_233,2024-02-28,UK,iPhone
user_234,2024-03-10,UK,Android
user_235,2024-03-20,India,iPhone
user_236,2024-01-03,USA,iPhone
user_237,2024-01-20,USA,Android
user_238,2024-02-28,France,Android
user_239,2024-02-05,USA,Android
user_240,2024-01-19,India,Android
user_241,2024-03-30,UK,Android
user_242,2024-03-07,India,iPhone
user_243,2024-01-19,France,iPhone
user_244,2024-01-20,Germany,Android
user_245,2024-03-11,India,iPhone
user_246,2024-02-21,UK,Android
user_247,2024-02-02,India,iPhone
user_248,2024-02-09,USA,iPhone
user_249,2024-02-08,UK,Android
user_250,2024-03-22,USA,Android
user_251,2024-01-01,Germany,Android
user_252,2024-01-11,USA,iPhone
user_253,2024-02-26,India,Android
user_254,2024-03-29,India,iPhone
user_255,2024-02-19,India,iPhone
user_256,2024-01-23,USA,iPhone
user_257,2024-01-31,Germany,iPhone
user_258,2024-02-11,UK,iPhone
user_259,2024-01-07,UK,Android
user_260,2024-01-16,UK,Android
user_261,2024-03-30,UK,Android
user_262,2024-02-29,France,iPhone
user_263,2024-01-02,Germany,Android
user_264,2024-01-01,UK,Android
user_265,2024-02-17,USA,Android
user_266,2024-01-12,USA,iPhone
user_267,2024-03-09,USA,iPhone
user_268,2024-02-06,India,iPhone
user_269,2024-02-01,USA,iPhone
user_270,2024-01-09,USA,iPhone
user_271,2024-01-19,UK,Android
user_272,2024-02-17,India,iPhone
user_273,2024-03-20,India,iPhone
user_274,2024-01-03,France,iPhone
user_275,2024-01-20,France,iPhone
user_276,2024-01-24,Germany,iPhone
user_277,2024-02-23,USA,iPhone
user_278,2024-02-02,India,iPhone
user_279,2024-01-24,France,Android
user_280,2024-03-15,Germany,Android
user_281,2024-03-12,France,iPhone
user_282,2024-02-05,France,iPhone
user_283,2024-02-07,Germany,Android
user_284,2024-03-24,India,iPhone
user_285,2024-03-29,India,iPhone
user_286,2024-01-25,Germany,Android
user_287,2024-01-18,France,iPhone
user_288,2024-03-22,USA,Android
user_289,2024-03-06,France,iPhone
user_290,2024-02-23,USA,iPhone
user_291,2024-02-04,Germany,iPhone
user_292,2024-03-20,India,Android
user_293,2024-03-01,Germany,iPhone
user_294,2024-02-10,UK,iPhone
user_295,2024-02-02,UK,Android
user_296,2024-03-08,USA,iPhone
user_297,2024-02-02,France,iPhone
user_298,2024-01-14,USA,Android
user_299,2024-01-21,USA,iPhone
user_300,2024-02-17,UK,Android
user_301,2024-01-20,France,Android
user_302,2024-01-08,France,Android
user_303,2024-01-07,USA,iPhone
user_304,2024-03-07,UK,Android
user_305,2024-01-17,Germany,iPhone
user_306,2024-02-02,Germany,Android
user_307,2024-02-17,France,iPhone
user_308,2024-03-16,UK,iPhone
user_309,2024-02-28,Germany,iPhone
user_310,2024-03-26,UK,Android
user_311,2024-01-22,India,Android
user_312,2024-01-30,Germany,iPhone
user_313,2024-02-07,UK,iPhone
user_314,2024-02-20,UK,Android
user_315,2024-02-23,Germany,iPhone
user_316,2024-01-08,India,iPhone
user_317,2024-01-27,Germany,Android
user_318,2024-01-27,France,iPhone
user_319,2024-01-21,France,Android
user_320,2024-01-30,Germany,iPhone
user_321,2024-01-28,UK,iPhone
user_322,2024-03-04,India,iPhone
user_323,2024-03-09,UK,Android
user_324,2024-03-01,UK,iPhone
user_325,2024-02-17,India,Android
user_326,2024-01-19,USA,iPhone
user_327,2024-01-04,USA,Android
user_328,2024-02-04,UK,iPhone
user_329,2024-03-04,India,iPhone
user_330,2024-02-18,USA,Android
user_331,2024-01-17,USA,iPhone
user_332,2024-02-13,USA,iPhone
user_333,2024-01-30,USA,Android
user_334,2024-02-15,USA,iPhone
user_335,2024-01-06,UK,Android
user_336,2024-02-06,Germany,iPhone
user_337,2024-01-24,USA,Android
user_338,2024-02-15,UK,iPhone
user_339,2024-02-22,USA,iPhone
user_340,2024-02-29,UK,Android
user_341,2024-03-03,Germany,Android
user_342,2024-03-25,France,iPhone
user_343,2024-02-01,USA,iPhone
user_344,2024-03-27,UK,Android
user_345,2024-02-02,USA,iPhone
user_346,2024-03-07,India,Android
user_347,2024-01-18,France,Android
user_348,2024-01-25,Germany,iPhone
user_349,2024-02-23,USA,iPhone
user_350,2024-02-27,India,Android
user_351,2024-03-07,USA,iPhone
user_352,2024-02-15,USA,iPhone
user_353,2024-01-24,UK,Android
user_354,2024-02-01,USA,iPhone
user_355,2024-02-16,India,Android
user_356,2024-03-26,France,iPhone
user_357,2024-01-23,USA,iPhone
user_358,2024-03-06,Germany,iPhone
user_359,2024-01-27,India,iPhone
user_360,2024-01-02,India,iPhone
user_361,2024-03-30,Germany,iPhone
user_362,2024-01-17,India,Android
user_363,2024-02-02,India,iPhone
user_364,2024-01-09,France,iPhone
user_365,2024-02-12,USA,iPhone
user_366,2024-02-17,UK,iPhone
user_367,2024-02-08,India,iPhone
user_368,2024-02-11,USA,iPhone
user_369,2024-01-26,India,iPhone
user_370,2024-02-19,USA,iPhone
user_371,2024-01-25,USA,iPhone
user_372,2024-01-24,UK,Android
user_373,2024-01-13,USA,iPhone
user_374,2024-02-29,India,iPhone
user_375,2024-01-07,India,Android
user_376,2024-02-26,India,iPhone
user_377,2024-02-05,Germany,Android
user_378,2024-02-14,USA,iPhone
user_379,2024-01-20,Germany,iPhone
user_380,2024-03-05,Germany,iPhone
user_381,2024-01-08,Germany,iPhone
user_382,2024-01-16,USA,Android
user_383,2024-01-14,Germany,iPhone
user_384,2024-03-16,UK,Android
user_385,2024-03-27,India,iPhone
user_386,2024-01-15,India,iPhone
user_387,2024-03-06,UK,iPhone
user_388,2024-02-01,Germany,iPhone
user_389,2024-03-27,France,iPhone
user_390,2024-03-03,USA,Android
user_391,2024-03-26,India,Android
user_392,2024-02-20,India,iPhone
user_393,2024-01-25,UK,Android
user_394,2024-02-27,UK,Android
user_395,2024-03-03,USA,Android
user_396,2024-03-02,UK,iPhone
user_397,2024-01-22,USA,Android
user_398,2024-02-27,India,iPhone
user_399,2024-02-27,USA,Android
user_400,2024-03-26,UK,iPhone
user_401,2024-02-18,India,iPhone
user_402,2024-02-21,France,Android
user_403,2024-02-11,USA,iPhone
user_404,2024-03-10,USA,Android
user_405,2024-01-15,USA,Android
user_406,2024-02-23,France,Android
user_407,2024-02-29,USA,iPhone
user_408,2024-01-08,Germany,Android
user_409,2024-02-22,India,iPhone
user_410,2024-02-29,USA,iPhone
user_411,2024-01-05,India,Android
user_412,2024-03-08,India,iPhone
user_413,2024-01-06,USA,iPhone
user_414,2024-02-16,India,Android
user_415,2024-02-24,Germany,iPhone
user_416,2024-02-09,India,iPhone
user_417,2024-02-21,Germany,Android
user_418,2024-01-16,France,iPhone
user_419,2024-01-13,Germany,Android
user_420,2024-01-30,India,Android
user_421,2024-01-19,France,Android
user_422,2024-01-17,Germany,Android
user_423,2024-03-03,India,iPhone
user_424,2024-01-19,USA,iPhone
user_425,2024-02-27,USA,Android
user_426,2024-02-24,USA,Android
user_427,2024-03-30,UK,iPhone
user_428,2024-03-30,USA,iPhone
user_429,2024-03-02,India,iPhone
user_430,2024-01-23,USA,iPhone
user_431,2024-01-09,France,Android
user_432,2024-01-12,USA,iPhone
user_433,2024-01-01,India,Android
user_434,2024-02-27,India,Android
user_435,2024-01-01,UK,iPhone
user_436,2024-02-03,India,Android
user_437,2024-02-17,USA,iPhone
user_438,2024-03-29,India,iPhone
user_439,2024-01-01,USA,Android
user_440,2024-01-16,India,Android
user_441,2024-03-01,USA,Android
user_442,2024-03-04,Germany,iPhone
user_443,2024-03-03,France,iPhone
user_444,2024-03-09,USA,Android
user_445,2024-01-22,USA,iPhone
user_446,2024-03-07,USA,iPhone
user_447,2024-03-16,UK,iPhone
user_448,2024-01-26,Germany,Android
user_449,2024-01-16,USA,iPhone
user_450,2024-02-20,UK,Android
user_451,2024-03-26,USA,Android
user_452,2024-02-26,India,iPhone
user_453,2024-01-29,USA,iPhone
user_454,2024-03-18,USA,iPhone
user_455,2024-03-09,USA,Android
user_456,2024-02-16,UK,iPhone
user_457,2024-03-02,India,iPhone
user_458,2024-03-09,UK,iPhone
user_459,2024-03-16,USA,Android
user_460,2024-01-16,France,iPhone
user_461,2024-03-30,France,Android
user_462,2024-03-30,USA,Android
user_463,2024-02-17,France,iPhone
user_464,2024-03-25,India,Android
user_465,2024-02-08,USA,iPhone
user_466,2024-02-02,France,Android
user_467,2024-01-23,France,Android
user_468,2024-01-10,UK,Android
user_469,2024-03-09,USA,iPhone
user_470,2024-02-03,USA,iPhone
user_471,2024-02-21,India,iPhone
user_472,2024-01-10,India,iPhone
user_473,2024-01-19,France,iPhone
user_474,2024-02-27,UK,iPhone
user_475,2024-01-01,Germany,iPhone
user_476,2024-03-09,Germany,iPhone
user_477,2024-01-04,UK,Android
user_478,2024-01-16,USA,iPhone
user_479,2024-01-24,India,iPhone
user_480,2024-03-20,UK,iPhone
user_481,2024-01-02,India,iPhone
user_482,2024-02-01,USA,Android
user_483,2024-03-31,USA,iPhone
user_484,2024-03-24,USA,Android
user_485,2024-01-24,UK,Android
user_486,2024-01-12,India,Android
user_487,2024-02-19,USA,Android
user_488,2024-02-04,India,Android
user_489,2024-02-02,Germany,Android
user_490,2024-02-02,India,Android
user_491,2024-03-01,USA,iPhone
user_492,2024-02-20,India,Android
user_493,2024-02-12,France,iPhone
user_494,2024-01-12,USA,Android
user_495,2024-03-07,USA,iPhone
user_496,2024-03-05,India,iPhone
user_497,2024-02-02,India,iPhone
user_498,2024-02-09,USA,iPhone
user_499,2024-03-14,France,iPhone
user_500,2024-02-12,India,iPhone
user_501,2024-02-13,India,iPhone
user_502,2024-01-29,India,iPhone
user_503,2024-01-13,France,Android
user_504,2024-01-12,UK,iPhone
user_505,2024-02-15,UK,iPhone
user_506,2024-01-02,UK,Android
user_507,2024-02-04,France,iPhone
user_508,2024-03-27,France,iPhone
user_509,2024-03-21,USA,Android
user_510,2024-03-30,India,Android
user_511,2024-01-08,France,iPhone
user_512,2024-01-26,Germany,iPhone
user_513,2024-03-14,UK,Android
user_514,2024-03-30,Germany,Android
user_515,2024-02-03,USA,iPhone
user_516,2024-01-07,USA,Android
user_517,2024-03-08,USA,iPhone
user_518,2024-02-27,USA,iPhone
user_519,2024-03-15,UK,iPhone
user_520,2024-01-29,Germany,Android
user_521,2024-02-05,USA,iPhone
user_522,2024-03-29,France,Android
user_523,2024-01-21,USA,iPhone
user_524,2024-02-05,India,iPhone
user_525,2024-01-10,India,iPhone
user_526,2024-03-13,USA,Android
user_527,2024-01-24,UK,iPhone
user_528,2024-03-04,USA,iPhone
user_529,2024-02-18,Germany,Android
user_530,2024-02-05,Germany,iPhone
user_531,2024-03-22,USA,Android
user_532,2024-01-24,Germany,iPhone
user_533,2024-01-23,USA,Android
user_534,2024-03-02,USA,iPhone
user_535,2024-02-06,France,Android
user_536,2024-01-12,UK,iPhone
user_537,2024-02-24,Germany,iPhone
user_538,2024-01-13,UK,iPhone
user_539,2024-01-23,India,iPhone
user_540,2024-03-29,USA,iPhone
user_541,2024-01-30,UK,Android
user_542,2024-01-17,France,iPhone
user_543,2024-03-02,UK,Android
user_544,2024-03-24,India,Android
user_545,2024-03-29,France,Android
user_546,2024-03-26,France,iPhone
user_547,2024-01-13,France,iPhone
user_548,2024-02-28,India,Android
user_549,2024-01-19,India,Android
user_550,2024-02-18,France,iPhone
user_551,2024-01-12,France,iPhone
user_552,2024-03-01,USA,iPhone
user_553,2024-01-19,USA,Android
user_554,2024-03-16,Germany,iPhone
user_555,2024-01-09,USA,iPhone
user_556,2024-03-11,UK,Android
user_557,2024-01-28,USA,iPhone
user_558,2024-03-18,UK,iPhone
user_559,2024-02-21,France,Android
user_560,2024-03-23,India,Android
user_561,2024-01-16,USA,iPhone
user_562,2024-03-09,Germany,iPhone
user_563,2024-01-12,India,iPhone
user_564,2024-01-25,USA,iPhone
user_565,2024-02-21,India,Android
user_566,2024-03-25,UK,iPhone
user_567,2024-02-22,UK,iPhone
user_568,2024-01-23,India,iPhone
user_569,2024-01-16,USA,iPhone
user_570,2024-02-26,France,iPhone
user_571,2024-02-08,India,Android
user_572,2024-02-22,USA,iPhone
user_573,2024-02-11,France,Android
user_574,2024-02-27,India,Android
user_575,2024-02-08,USA,iPhone
user_576,2024-01-14,India,iPhone
user_577,2024-01-05,Germany,iPhone
user_578,2024-02-04,Germany,iPhone
user_579,2024-03-27,Germany,iPhone
user_580,2024-03-15,USA,iPhone
user_581,2024-01-18,India,iPhone
user_582,2024-03-16,India,Android
user_583,2024-01-09,Germany,iPhone
user_584,2024-03-14,France,Android
user_585,2024-02-27,Germany,iPhone
user_586,2024-01-17,UK,Android
user_587,2024-01-07,France,iPhone
user_588,2024-02-15,Germany,iPhone
user_589,2024-01-13,Germany,Android
user_590,2024-02-09,France,iPhone
user_591,2024-02-11,UK,iPhone
user_592,2024-01-09,USA,Android
user_593,2024-02-19,USA,iPhone
user_594,2024-01-27,UK,iPhone
user_595,2024-03-06,France,Android
user_596,2024-01-05,Germany,Android
user_597,2024-01-29,France,Android
user_598,2024-02-06,UK,iPhone
user_599,2024-02-07,Germany,Android
user_600,2024-03-23,UK,iPhone
user_601,2024-01-08,UK,Android
user_602,2024-03-05,France,Android
user_603,2024-03-26,India,Android
user_604,2024-01-17,UK,Android
user_605,2024-03-11,USA,iPhone
user_606,2024-03-29,USA,Android
user_607,2024-02-14,USA,Android
user_608,2024-01-04,France,iPhone
user_609,2024-02-05,UK,Android
user_610,2024-03-10,Germany,iPhone
user_611,2024-01-31,UK,Android
user_612,2024-01-19,USA,Android
user_613,2024-03-01,UK,Android
user_614,2024-02-23,USA,iPhone
user_615,2024-02-08,UK,iPhone
user_616,2024-03-31,USA,iPhone
user_617,2024-03-14,India,Android
user_618,2024-03-30,USA,iPhone
user_619,2024-01-19,India,iPhone
user_620,2024-02-08,UK,Android
user_621,2024-03-07,India,iPhone
user_622,2024-02-14,Germany,Android
user_623,2024-01-13,France,Android
user_624,2024-02-27,France,Android
user_625,2024-01-20,Germany,iPhone
user_626,2024-03-12,Germany,iPhone
user_627,2024-03-01,Germany,iPhone
user_628,2024-02-08,Germany,iPhone
user_629,2024-01-01,USA,iPhone
user_630,2024-01-03,UK,iPhone
user_631,2024-03-17,Germany,Android
user_632,2024-03-02,Germany,Android
user_633,2024-03-03,France,iPhone
user_634,2024-01-25,France,Android
user_635,2024-02-25,India,Android
user_636,2024-02-02,USA,Android
user_637,2024-02-07,UK,Android
user_638,2024-01-06,UK,iPhone
user_639,2024-02-27,UK,iPhone
user_640,2024-02-13,India,iPhone
user_641,2024-02-14,USA,iPhone
user_642,2024-02-01,France,Android
user_643,2024-02-14,UK,Android
user_644,2024-03-01,Germany,iPhone
user_645,2024-02-16,Germany,iPhone
user_646,2024-01-21,UK,Android
user_647,2024-03-20,Germany,iPhone
user_648,2024-03-25,UK,iPhone
user_649,2024-03-15,USA,Android
user_650,2024-02-05,UK,iPhone
user_651,2024-01-19,USA,iPhone
user_652,2024-01-20,UK,iPhone
user_653,2024-02-26,Germany,Android
user_654,2024-01-18,Germany,iPhone
user_655,2024-02-16,France,iPhone
user_656,2024-02-18,USA,iPhone
user_657,2024-01-14,France,iPhone
user_658,2024-01-15,UK,iPhone
user_659,2024-01-31,UK,Android
user_660,2024-01-01,India,iPhone
user_661,2024-02-23,USA,Android
user_662,2024-01-03,Germany,iPhone
user_663,2024-01-16,Germany,iPhone
user_664,2024-03-27,UK,iPhone
user_665,2024-02-26,USA,iPhone
user_666,2024-03-15,USA,iPhone
user_667,2024-01-12,India,iPhone
user_668,2024-03-14,UK,iPhone
user_669,2024-01-16,UK,Android
user_670,2024-03-12,UK,iPhone
user_671,2024-03-16,France,Android
user_672,2024-01-24,USA,Android
user_673,2024-01-28,UK,iPhone
user_674,2024-01-08,Germany,iPhone
user_675,2024-02-05,India,iPhone
user_676,2024-03-30,USA,iPhone
user_677,2024-01-08,UK,iPhone
user_678,2024-02-27,UK,Android
user_679,2024-02-29,Germany,iPhone
user_680,2024-02-19,UK,iPhone
user_681,2024-01-28,Germany,Android
user_682,2024-02-10,France,iPhone
user_683,2024-03-04,France,Android
user_684,2024-01-27,UK,iPhone
user_685,2024-03-03,India,iPhone
user_686,2024-01-17,Germany,iPhone
user_687,2024-03-13,Germany,iPhone
user_688,2024-02-02,USA,Android
user_689,2024-03-24,India,iPhone
user_690,2024-03-17,USA,Android
user_691,2024-01-29,USA,iPhone
user_692,2024-01-13,USA,iPhone
user_693,2024-02-15,Germany,iPhone
user_694,2024-02-04,USA,iPhone
user_695,2024-01-06,USA,Android
user_696,2024-03-22,USA,iPhone
user_697,2024-03-09,USA,iPhone
user_698,2024-02-16,Germany,iPhone
user_699,2024-01-25,France,iPhone
user_700,2024-03-06,UK,iPhone
user_701,2024-01-10,UK,iPhone
user_702,2024-02-25,France,Android
user_703,2024-01-30,USA,iPhone
user_704,2024-01-05,UK,iPhone
user_705,2024-02-02,India,iPhone
user_706,2024-03-05,Germany,iPhone
user_707,2024-01-18,USA,Android
user_708,2024-02-18,Germany,iPhone
user_709,2024-01-11,UK,iPhone
user_710,2024-03-25,Germany,Android
user_711,2024-01-26,USA,iPhone
user_712,2024-03-03,USA,iPhone
user_713,2024-03-29,USA,Android
user_714,2024-03-26,India,Android
user_715,2024-02-28,France,Android
user_716,2024-01-27,USA,iPhone
user_717,2024-02-18,USA,iPhone
user_718,2024-03-17,France,iPhone
user_719,2024-02-02,USA,iPhone
user_720,2024-01-01,USA,Android
user_721,2024-01-21,India,iPhone
user_722,2024-02-24,USA,Android
user_723,2024-01-06,France,Android
user_724,2024-03-21,India,iPhone
user_725,2024-03-09,UK,iPhone
user_726,2024-01-05,USA,Android
user_727,2024-01-03,USA,iPhone
user_728,2024-02-22,India,Android
user_729,2024-01-23,India,iPhone
user_730,2024-02-22,France,iPhone
user_731,2024-02-06,USA,iPhone
user_732,2024-03-14,France,Android
user_733,2024-03-14,India,iPhone
user_734,2024-03-23,Germany,Android
user_735,2024-01-17,India,iPhone
user_736,2024-03-25,India,Android
user_737,2024-03-18,France,Android
user_738,2024-03-13,Germany,iPhone
user_739,2024-01-01,UK,iPhone
user_740,2024-02-20,USA,Android
user_741,2024-02-14,Germany,iPhone
user_742,2024-03-17,UK,Android
user_743,2024-01-04,India,iPhone
user_744,2024-03-02,India,Android
user_745,2024-03-05,France,Android
user_746,2024-02-01,USA,Android
user_747,2024-02-03,USA,iPhone
user_748,2024-03-12,USA,iPhone
user_749,2024-02-08,France,iPhone
user_750,2024-01-26,France,iPhone
user_751,2024-02-03,India,iPhone
user_752,2024-02-23,UK,iPhone
user_753,2024-01-03,India,Android
user_754,2024-02-19,India,iPhone
user_755,2024-01-12,UK,iPhone
user_756,2024-03-05,India,Android
user_757,2024-02-23,UK,iPhone
user_758,2024-01-05,USA,iPhone
user_759,2024-02-26,Germany,Android
user_760,2024-01-17,UK,Android
user_761,2024-02-16,Germany,iPhone
user_762,2024-01-23,Germany,iPhone
user_763,2024-03-19,Germany,Android
user_764,2024-03-25,UK,iPhone
user_765,2024-01-14,Germany,iPhone
user_766,2024-03-06,Germany,iPhone
user_767,2024-03-15,Germany,iPhone
user_768,2024-02-20,UK,iPhone
user_769,2024-02-07,USA,iPhone
user_770,2024-03-04,Germany,Android
user_771,2024-02-07,USA,Android
user_772,2024-02-19,Germany,iPhone
user_773,2024-03-22,France,Android
user_774,2024-01-30,Germany,Android
user_775,2024-03-19,Germany,iPhone
user_776,2024-03-31,India,iPhone
user_777,2024-02-20,India,Android
user_778,2024-03-03,India,iPhone
user_779,2024-02-21,India,Android
user_780,2024-02-07,USA,iPhone
user_781,2024-03-28,USA,Android
user_782,2024-03-19,Germany,iPhone
user_783,2024-01-30,USA,iPhone
user_784,2024-02-20,UK,Android
user_785,2024-03-21,UK,iPhone
user_786,2024-01-05,Germany,iPhone
user_787,2024-01-29,France,iPhone
user_788,2024-01-04,France,iPhone
user_789,2024-01-10,Germany,iPhone
user_790,2024-02-25,India,Android
user_791,2024-01-17,UK,iPhone
user_792,2024-03-14,India,Android
user_793,2024-01-17,USA,Android
user_794,2024-03-24,India,Android
user_795,2024-03-28,France,iPhone
user_796,2024-03-09,UK,Android
user_797,2024-02-03,USA,iPhone
user_798,2024-01-06,UK,Android
user_799,2024-02-22,USA,Android
user_800,2024-03-06,USA,Android
user_801,2024-03-17,Germany,iPhone
user_802,2024-02-12,Germany,Android
user_803,2024-03-15,France,iPhone
user_804,2024-01-23,India,Android
user_805,2024-02-24,Germany,Android
user_806,2024-03-20,Germany,iPhone
user_807,2024-03-15,USA,Android
user_808,2024-01-16,France,iPhone
user_809,2024-01-08,UK,iPhone
user_810,2024-01-04,India,iPhone
user_811,2024-01-04,India,iPhone
user_812,2024-02-25,Germany,Android
user_813,2024-01-25,USA,iPhone
user_814,2024-03-07,India,iPhone
user_815,2024-03-07,France,Android
user_816,2024-01-27,USA,Android
user_817,2024-02-01,USA,Android
user_818,2024-02-19,France,Android
user_819,2024-03-01,USA,Android
user_820,2024-02-20,India,iPhone
user_821,2024-01-19,UK,iPhone
user_822,2024-01-21,USA,Android
user_823,2024-01-05,India,iPhone
user_824,2024-03-22,UK,Android
user_825,2024-02-11,Germany,iPhone
user_826,2024-03-01,USA,iPhone
user_827,2024-01-22,USA,iPhone
user_828,2024-01-21,Germany,Android
user_829,2024-03-10,Germany,iPhone
user_830,2024-01-01,Germany,Android
user_831,2024-01-05,France,iPhone
user_832,2024-01-12,Germany,iPhone
user_833,2024-03-30,USA,Android
user_834,2024-02-15,UK,Android
user_835,2024-02-03,India,iPhone
user_836,2024-02-18,France,Android
user_837,2024-03-18,Germany,iPhone
user_838,2024-03-30,USA,iPhone
user_839,2024-02-14,UK,iPhone
user_840,2024-01-27,France,Android
user_841,2024-03-13,India,Android
user_842,2024-01-26,France,iPhone
user_843,2024-02-16,India,Android
user_844,2024-03-26,France,iPhone
user_845,2024-02-25,USA,iPhone
user_846,2024-03-03,UK,iPhone
user_847,2024-02-17,USA,iPhone
user_848,2024-03-01,USA,iPhone
user_849,2024-03-21,India,iPhone
user_850,2024-01-26,UK,Android
user_851,2024-02-05,Germany,iPhone
user_852,2024-01-01,USA,iPhone
user_853,2024-01-08,UK,iPhone
user_854,2024-02-21,USA,iPhone
user_855,2024-03-19,USA,iPhone
user_856,2024-02-16,Germany,Android
user_857,2024-02-25,USA,iPhone
user_858,2024-03-26,Germany,Android
user_859,2024-01-14,USA,Android
user_860,2024-03-30,USA,iPhone
user_861,2024-01-28,USA,Android
user_862,2024-03-27,Germany,iPhone
user_863,2024-03-18,France,Android
user_864,2024-03-28,UK,iPhone
user_865,2024-01-02,UK,iPhone
user_866,2024-01-26,France,iPhone
user_867,2024-01-14,USA,iPhone
user_868,2024-02-28,UK,iPhone
user_869,2024-02-25,India,iPhone
user_870,2024-01-07,Germany,iPhone
user_871,2024-01-03,UK,Android
user_872,2024-01-23,India,Android
user_873,2024-01-18,France,iPhone
user_874,2024-02-07,USA,iPhone
user_875,2024-01-15,Germany,Android
user_876,2024-03-04,Germany,Android
user_877,2024-03-29,UK,Android
user_878,2024-01-28,UK,iPhone
user_879,2024-03-14,UK,iPhone
user_880,2024-02-08,Germany,iPhone
user_881,2024-02-26,UK,iPhone
user_882,2024-01-17,India,Android
user_883,2024-03-26,France,Android
user_884,2024-03-30,USA,iPhone
user_885,2024-02-13,Germany,Android
user_886,2024-01-25,USA,iPhone
user_887,2024-01-17,Germany,iPhone
user_888,2024-01-13,France,iPhone
user_889,2024-03-24,USA,Android
user_890,2024-01-25,UK,iPhone
user_891,2024-03-08,USA,Android
user_892,2024-01-10,USA,Android
user_893,2024-03-07,UK,iPhone
user_894,2024-01-18,UK,iPhone
user_895,2024-03-26,India,Android
user_896,2024-02-03,UK,iPhone
user_897,2024-01-08,UK,Android
user_898,2024-02-09,Germany,Android
user_899,2024-03-23,USA,iPhone
user_900,2024-02-11,India,iPhone
user_901,2024-02-10,Germany,Android
user_902,2024-01-06,France,Android
user_903,2024-02-21,USA,iPhone
user_904,2024-01-26,UK,iPhone
user_905,2024-03-04,UK,iPhone
user_906,2024-02-28,India,Android
user_907,2024-02-25,USA,Android
user_908,2024-02-28,UK,Android
user_909,2024-03-10,India,iPhone
user_910,2024-02-02,UK,iPhone
user_911,2024-02-22,UK,Android
user_912,2024-01-22,USA,iPhone
user_913,2024-01-21,India,iPhone
user_914,2024-03-10,USA,iPhone
user_915,2024-03-10,France,Android
user_916,2024-01-04,France,Android
user_917,2024-03-15,USA,iPhone
user_918,2024-03-02,France,iPhone
user_919,2024-03-02,USA,Android
user_920,2024-01-24,USA,Android
user_921,2024-02-24,France,iPhone
user_922,2024-01-09,India,iPhone
user_923,2024-01-03,Germany,iPhone
user_924,2024-01-31,Germany,Android
user_925,2024-02-09,USA,iPhone
user_926,2024-02-05,USA,iPhone
user_927,2024-01-24,USA,Android
user_928,2024-01-06,USA,Android
user_929,2024-03-06,UK,iPhone
user_930,2024-03-24,UK,Android
user_931,2024-03-15,UK,iPhone
user_932,2024-01-04,USA,iPhone
user_933,2024-03-19,Germany,iPhone
user_934,2024-01-06,India,Android
user_935,2024-02-20,USA,iPhone
user_936,2024-03-02,India,Android
user_937,2024-02-26,India,Android
user_938,2024-03-06,USA,Android
user_939,2024-03-19,France,Android
user_940,2024-03-15,Germany,Android
user_941,2024-01-08,Germany,iPhone
user_942,2024-01-26,UK,iPhone
user_943,2024-02-20,Germany,Android
user_944,2024-02-14,UK,iPhone
user_945,2024-02-13,Germany,Android
user_946,2024-01-05,Germany,Android
user_947,2024-03-10,France,iPhone
user_948,2024-01-26,Germany,Android
user_949,2024-03-08,France,iPhone
user_950,2024-01-19,USA,iPhone
user_951,2024-03-24,USA,iPhone
user_952,2024-01-20,India,iPhone
user_953,2024-01-12,UK,Android
user_954,2024-02-16,USA,Android
user_955,2024-01-01,USA,Android
user_956,2024-03-30,USA,iPhone
user_957,2024-01-14,India,iPhone
user_958,2024-03-04,Germany,Android
user_959,2024-02-07,India,iPhone
user_960,2024-02-06,Germany,Android
user_961,2024-01-11,UK,Android
user_962,2024-03-17,UK,Android
user_963,2024-01-03,Germany,Android
user_964,2024-02-02,USA,iPhone
user_965,2024-01-06,India,Android
user_966,2024-02-19,India,iPhone
user_967,2024-01-10,UK,Android
user_968,2024-01-05,India,iPhone
user_969,2024-01-23,India,Android
user_970,2024-01-10,France,Android
user_971,2024-02-13,USA,iPhone
user_972,2024-01-02,UK,iPhone
user_973,2024-01-13,Germany,Android
user_974,2024-02-09,USA,iPhone
user_975,2024-01-02,USA,iPhone
user_976,2024-03-24,France,iPhone
user_977,2024-03-05,USA,iPhone
user_978,2024-03-03,Germany,Android
user_979,2024-03-13,India,iPhone
user_980,2024-01-17,India,iPhone
user_981,2024-01-09,USA,iPhone
user_982,2024-03-15,India,iPhone
user_983,2024-01-15,USA,iPhone
user_984,2024-01-24,USA,iPhone
user_985,2024-02-07,Germany,iPhone
user_986,2024-02-04,UK,iPhone
user_987,2024-02-18,UK,Android
user_988,2024-03-09,Germany,iPhone
user_989,2024-03-02,USA,Android
user_990,2024-02-29,USA,iPhone
user_991,2024-02-19,UK,iPhone
user_992,2024-03-18,France,Android
user_993,2024-03-15,Germany,iPhone
user_994,2024-01-09,USA,Android
user_995,2024-02-03,UK,Android
user_996,2024-03-16,USA,iPhone
user_997,2024-02-04,USA,Android
user_998,2024-01-01,France,Android
user_999,2024-02-09,USA,iPhone
