customer_id,orders,total_revenue,total_profit,first_order,last_order,avg_order_value,avg_profit_per_order
10052142,1,2880,7287.2,2025-04-02,2025-04-02,2880.0,7287.2
10060494,4,20720,19970.4,2025-02-01,2025-09-17,5180.0,4992.6
10145273,5,17450,25525.3,2025-02-26,2025-09-20,3490.0,5105.0599999999995
10226963,1,9180,15819.4,2025-05-16,2025-05-16,9180.0,15819.4
10425403,2,7000,9879.0,2025-02-20,2025-09-18,3500.0,4939.5
10678165,2,6980,6499.6,2025-01-11,2025-04-07,3490.0,3249.8
10769708,1,5580,9714.4,2025-06-10,2025-06-10,5580.0,9714.4
10991330,2,5200,11435.0,2025-03-01,2025-05-18,2600.0,5717.5
11000967,2,10248,8734.12,2025-02-22,2025-03-31,5124.0,4367.06
11135499,2,11960,25408.4,2025-02-13,2025-05-16,5980.0,12704.2
11146662,2,2000,1235.0,2025-01-08,2025-03-27,1000.0,617.5
11165756,2,12980,23290.6,2025-06-28,2025-08-05,6490.0,11645.3
11351952,3,6000,6481.0,2025-03-07,2025-08-02,2000.0,2160.3333333333335
11460725,2,15160,21220.8,2025-07-06,2025-07-13,7580.0,10610.4
11476432,1,6380,11468.2,2025-02-03,2025-02-03,6380.0,11468.2
11575539,5,27500,37054.0,2025-02-02,2025-08-30,5500.0,7410.8
11615968,1,1460,3524.6,2025-02-20,2025-02-20,1460.0,3524.6
11723919,4,12720,12455.4,2025-01-13,2025-05-21,3180.0,3113.85
11732154,1,4980,1052.6,2025-01-23,2025-01-23,4980.0,1052.6
11854043,1,1900,5318.0,2025-06-19,2025-06-19,1900.0,5318.0
11935679,3,19740,35602.2,2025-02-01,2025-04-03,6580.0,11867.4
12001967,3,8700,14401.0,2025-02-23,2025-07-10,2900.0,4800.333333333333
12105804,3,23484,61528.84,2025-05-23,2025-07-14,7828.0,20509.61333333333
12133233,3,12300,22051.0,2025-02-15,2025-07-07,4100.0,7350.333333333333
12157882,4,6400,9075.0,2025-03-12,2025-08-26,1600.0,2268.75
12197069,1,6380,732.4,2025-03-04,2025-03-04,6380.0,732.4
12307278,4,30088,56673.38,2025-05-29,2025-08-10,7522.0,14168.345
12494667,3,8940,7012.8,2025-01-24,2025-09-08,2980.0,2337.6
12636113,1,1000,1525.0,2025-02-08,2025-02-08,1000.0,1525.0
12665141,4,22320,26127.2,2025-01-23,2025-07-08,5580.0,6531.8
12743240,1,2490,4218.0,2025-02-27,2025-02-27,2490.0,4218.0
12911883,4,2720,1765.8,2025-01-16,2025-06-17,680.0,441.45
12919215,1,1320,1250.6,2025-01-06,2025-01-06,1320.0,1250.6
13307981,4,10800,8958.0,2025-01-15,2025-07-30,2700.0,2239.5
13391135,2,6980,12120.1,2025-04-06,2025-04-24,3490.0,6060.05
13393820,1,5180,9673.6,2025-05-28,2025-05-28,5180.0,9673.6
13544308,3,32640,50308.6,2025-01-06,2025-08-29,10880.0,16769.533333333333
13642174,2,11000,10615.0,2025-03-09,2025-05-02,5500.0,5307.5
13687354,4,19960,18980.5,2025-02-05,2025-08-22,4990.0,4745.125
13735368,3,10470,15214.1,2025-02-06,2025-05-02,3490.0,5071.366666666667
13739750,4,24360,34424.3,2025-01-16,2025-06-15,6090.0,8606.075
13837776,2,1800,4116.0,2025-03-14,2025-05-29,900.0,2058.0
14268446,3,33300,14497.0,2025-04-24,2025-08-03,11100.0,4832.333333333333
14299738,2,14760,33569.4,2025-04-14,2025-08-02,7380.0,16784.7
14715236,3,19740,40225.2,2025-03-02,2025-07-08,6580.0,13408.4
14737689,2,20760,37846.8,2025-01-11,2025-09-25,10380.0,18923.4
14773482,5,29950,59652.3,2025-01-06,2025-07-10,5990.0,11930.460000000001
14809114,1,2980,1913.2,2025-06-04,2025-06-04,2980.0,1913.2
14926551,5,29950,48240.8,2025-02-06,2025-09-11,5990.0,9648.16
14955118,1,3450,5892.5,2025-02-10,2025-02-10,3450.0,5892.5
15211947,1,6738,17256.56,2025-06-15,2025-06-15,6738.0,17256.56
15266766,3,10470,3124.4,2025-01-18,2025-07-27,3490.0,1041.4666666666667
15413660,1,4980,4391.6,2025-04-26,2025-04-26,4980.0,4391.6
15511860,2,9980,23114.7,2025-01-02,2025-06-09,4990.0,11557.35
15551074,3,14100,14877.0,2025-03-04,2025-09-10,4700.0,4959.0
15752189,6,30600,56644.0,2025-02-11,2025-08-25,5100.0,9440.666666666666
16006909,2,12360,6073.6,2025-04-10,2025-04-22,6180.0,3036.8
16225379,2,12380,1440.9,2025-02-06,2025-04-23,6190.0,720.45
16238464,1,3380,2712.2,2025-04-02,2025-04-02,3380.0,2712.2
16278472,4,28720,56213.6,2025-05-18,2025-08-14,7180.0,14053.4
16337630,5,20500,30382.0,2025-06-04,2025-09-20,4100.0,6076.4
16408664,1,11100,22345.0,2025-06-30,2025-06-30,11100.0,22345.0
16502779,3,9750,6269.0,2025-04-13,2025-09-16,3250.0,2089.6666666666665
16616230,1,4990,8363.4,2025-08-24,2025-08-24,4990.0,8363.4
16837385,5,37900,68554.6,2025-04-09,2025-09-08,7580.0,13710.920000000002
16975545,1,4900,12806.0,2025-07-28,2025-07-28,4900.0,12806.0
17280340,4,17200,22600.0,2025-02-01,2025-09-16,4300.0,5650.0
17430134,2,13180,7703.5,2025-04-04,2025-08-03,6590.0,3851.75
17625450,4,22320,15750.0,2025-02-11,2025-06-19,5580.0,3937.5
17897185,3,14970,22587.7,2025-02-20,2025-07-18,4990.0,7529.233333333334
17932091,3,10470,5773.0,2025-04-04,2025-07-31,3490.0,1924.3333333333333
17961013,3,10470,5824.4,2025-01-04,2025-02-15,3490.0,1941.4666666666665
18140841,5,24900,10608.4,2025-02-06,2025-08-03,4980.0,2121.68
18156492,4,23920,47436.0,2025-01-27,2025-09-18,5980.0,11859.0
18386274,1,2900,-81.0,2025-01-13,2025-01-13,2900.0,-81.0
18398142,2,13160,23385.4,2025-02-11,2025-03-07,6580.0,11692.7
18488674,5,17450,24846.7,2025-03-24,2025-08-18,3490.0,4969.34
18519010,3,19740,28642.8,2025-06-05,2025-08-28,6580.0,9547.6
18885984,4,24800,52220.0,2025-05-31,2025-08-06,6200.0,13055.0
18893470,1,2780,7427.4,2025-01-09,2025-01-09,2780.0,7427.4
18952810,2,22200,39479.0,2025-06-23,2025-09-03,11100.0,19739.5
19259686,5,20000,27004.0,2025-01-14,2025-07-28,4000.0,5400.8
19287744,1,11100,27042.0,2025-06-01,2025-06-01,11100.0,27042.0
19331204,2,10200,23636.0,2025-02-10,2025-09-17,5100.0,11818.0
19765974,2,5960,16042.6,2025-01-20,2025-09-22,2980.0,8021.3
19770679,5,39140,31578.96,2025-03-04,2025-08-14,7828.0,6315.7919999999995
19861565,4,26320,41086.2,2025-01-06,2025-08-05,6580.0,10271.55
19928290,3,10800,23908.0,2025-02-12,2025-09-15,3600.0,7969.333333333333
19963943,3,4200,5684.0,2025-05-26,2025-07-26,1400.0,1894.6666666666667
19979580,1,6490,18681.4,2025-04-03,2025-04-03,6490.0,18681.4
19979751,1,6050,1212.5,2025-06-17,2025-06-17,6050.0,1212.5
19991230,2,10760,26989.8,2025-03-12,2025-07-05,5380.0,13494.9
20387700,3,20940,26879.0,2025-04-24,2025-06-19,6980.0,8959.666666666666
20450748,3,33300,60190.0,2025-02-03,2025-09-21,11100.0,20063.333333333332
20586151,4,27960,38989.1,2025-02-23,2025-09-25,6990.0,9747.275
20762733,2,3100,5791.0,2025-08-09,2025-09-23,1550.0,2895.5
20765137,4,6320,5809.2,2025-01-27,2025-05-13,1580.0,1452.3
20862535,3,16740,15161.6,2025-02-11,2025-06-30,5580.0,5053.866666666667
20929551,2,2900,3100.5,2025-05-15,2025-05-29,1450.0,1550.25
21059414,1,2100,3397.0,2025-01-10,2025-01-10,2100.0,3397.0
21090709,1,1540,1338.6,2025-05-13,2025-05-13,1540.0,1338.6
21167732,2,19960,30035.6,2025-08-25,2025-09-20,9980.0,15017.8
21200354,1,5990,4847.3,2025-04-24,2025-04-24,5990.0,4847.3
21286645,1,2200,5552.0,2025-05-16,2025-05-16,2200.0,5552.0
21410336,1,2780,4855.2,2025-02-27,2025-02-27,2780.0,4855.2
21656338,3,15300,34406.0,2025-01-19,2025-07-10,5100.0,11468.666666666666
21673576,1,11100,19065.0,2025-06-12,2025-06-12,11100.0,19065.0
21820132,2,22200,52084.0,2025-02-24,2025-09-16,11100.0,26042.0
21837136,3,6900,11178.0,2025-03-21,2025-08-30,2300.0,3726.0
21929427,3,14970,20687.3,2025-04-18,2025-09-18,4990.0,6895.766666666666
21970497,2,7828,11644.38,2025-04-02,2025-08-30,3914.0,5822.19
22020509,1,1490,750.8,2025-05-20,2025-05-20,1490.0,750.8
22078766,1,7500,1066.0,2025-06-20,2025-06-20,7500.0,1066.0
22172016,2,12400,12530.0,2025-06-17,2025-06-29,6200.0,6265.0
22258405,3,10470,21741.0,2025-04-18,2025-07-25,3490.0,7247.0
22270955,5,14900,19931.2,2025-03-09,2025-09-14,2980.0,3986.2400000000002
22599508,1,7180,14103.0,2025-07-20,2025-07-20,7180.0,14103.0
22705435,2,13160,11977.4,2025-01-25,2025-07-10,6580.0,5988.7
22843017,1,6090,16738.6,2025-02-17,2025-02-17,6090.0,16738.6
22878176,2,13160,35912.4,2025-02-03,2025-02-08,6580.0,17956.2
22934764,2,2840,4751.0,2025-04-16,2025-07-24,1420.0,2375.5
23021957,3,3000,4129.0,2025-01-18,2025-07-20,1000.0,1376.3333333333333
23245835,2,5960,14341.0,2025-07-27,2025-09-04,2980.0,7170.5
23392944,2,13180,30472.7,2025-01-08,2025-01-17,6590.0,15236.35
23429358,2,22200,50788.0,2025-01-05,2025-03-03,11100.0,25394.0
24046960,3,8940,17269.6,2025-03-08,2025-09-15,2980.0,5756.533333333333
24115955,1,5180,15036.0,2025-05-19,2025-05-19,5180.0,15036.0
24148272,3,10470,12675.6,2025-01-19,2025-08-08,3490.0,4225.2
24165881,1,5580,9643.2,2025-03-06,2025-03-06,5580.0,9643.2
24499014,3,9540,11450.2,2025-01-06,2025-09-22,3180.0,3816.7333333333336
24553956,5,23900,35034.6,2025-01-13,2025-09-01,4780.0,7006.92
24565729,3,27540,17833.0,2025-03-19,2025-08-17,9180.0,5944.333333333333
24644733,2,6954,17463.03,2025-06-19,2025-07-23,3477.0,8731.515
24653069,2,9960,20849.0,2025-06-05,2025-06-07,4980.0,10424.5
24666903,3,10140,15589.2,2025-01-19,2025-09-22,3380.0,5196.400000000001
24763399,2,22200,37830.0,2025-03-04,2025-08-09,11100.0,18915.0
24789210,2,13160,36511.6,2025-04-19,2025-07-16,6580.0,18255.8
24862643,5,36900,60651.0,2025-02-15,2025-08-10,7380.0,12130.2
25273810,3,8940,16708.6,2025-04-02,2025-07-12,2980.0,5569.533333333333
25324439,4,8000,8040.0,2025-02-10,2025-09-09,2000.0,2010.0
25673692,3,25500,15563.0,2025-02-02,2025-09-14,8500.0,5187.666666666667
25688149,5,36500,63261.0,2025-01-16,2025-06-29,7300.0,12652.2
25990523,3,2040,283.0,2025-03-08,2025-08-15,680.0,94.33333333333333
25995510,4,18400,14948.0,2025-01-22,2025-08-05,4600.0,3737.0
26194974,7,23660,29558.6,2025-01-14,2025-09-14,3380.0,4222.657142857142
26479913,2,14360,977.4,2025-07-20,2025-07-29,7180.0,488.7
26483342,3,14940,14107.4,2025-05-05,2025-06-11,4980.0,4702.466666666666
26492031,5,9000,10733.0,2025-05-14,2025-09-12,1800.0,2146.6
26492321,5,11500,18428.0,2025-02-08,2025-07-21,2300.0,3685.6
26561997,2,13160,12890.0,2025-03-11,2025-05-20,6580.0,6445.0
26669048,1,11990,12109.7,2025-08-18,2025-08-18,11990.0,12109.7
26677770,5,18500,40253.0,2025-01-01,2025-06-17,3700.0,8050.6
26726668,2,6360,10199.0,2025-04-24,2025-07-05,3180.0,5099.5
26751676,3,10500,21684.0,2025-06-22,2025-08-08,3500.0,7228.0
26802010,6,25200,33104.0,2025-02-13,2025-09-03,4200.0,5517.333333333333
26878119,3,12540,11659.4,2025-05-22,2025-06-18,4180.0,3886.4666666666667
27378295,3,2700,2169.0,2025-05-28,2025-07-09,900.0,723.0
27451798,1,1580,3610.6,2025-01-25,2025-01-25,1580.0,3610.6
27500707,3,5670,6972.0,2025-03-12,2025-08-02,1890.0,2324.0
27574394,4,8000,7894.0,2025-04-27,2025-06-09,2000.0,1973.5
27622520,4,13960,18559.7,2025-02-17,2025-06-09,3490.0,4639.925
27685318,1,5300,12869.0,2025-09-01,2025-09-01,5300.0,12869.0
27730464,3,21540,33869.2,2025-01-09,2025-07-05,7180.0,11289.733333333332
27922657,2,11556,16101.54,2025-05-12,2025-09-04,5778.0,8050.77
27995241,5,12450,15855.7,2025-02-27,2025-09-16,2490.0,3171.1400000000003
28074469,5,24950,19276.1,2025-04-29,2025-09-10,4990.0,3855.22
28202461,2,9960,6091.8,2025-04-24,2025-08-28,4980.0,3045.9
28227796,4,20800,36961.0,2025-02-09,2025-08-28,5200.0,9240.25
28310439,2,5580,7150.4,2025-07-11,2025-09-24,2790.0,3575.2
28393426,1,2490,-384.1,2025-07-28,2025-07-28,2490.0,-384.1
28410571,1,3490,2744.7,2025-09-26,2025-09-26,3490.0,2744.7
28525798,5,30250,51589.0,2025-01-01,2025-05-28,6050.0,10317.8
28559790,1,2700,559.0,2025-02-21,2025-02-21,2700.0,559.0
28610359,1,3162,2327.32,2025-08-07,2025-08-07,3162.0,2327.32
28647941,1,1390,163.4,2025-07-22,2025-07-22,1390.0,163.4
28663473,1,720,257.0,2025-05-28,2025-05-28,720.0,257.0
28732161,3,1470,854.2,2025-01-15,2025-04-23,490.0,284.73333333333335
28865428,2,3800,-243.0,2025-04-04,2025-06-13,1900.0,-121.5
28866848,2,5960,13029.4,2025-02-14,2025-09-18,2980.0,6514.7
28964554,4,10800,8525.0,2025-01-10,2025-07-19,2700.0,2131.25
29055787,5,35900,64355.2,2025-02-17,2025-05-19,7180.0,12871.039999999999
29108949,2,13980,6807.2,2025-02-03,2025-04-18,6990.0,3403.6
29143377,5,1900,947.2,2025-04-10,2025-09-10,380.0,189.44
29195433,4,11920,19450.8,2025-03-07,2025-06-21,2980.0,4862.7
29302655,5,15500,22330.0,2025-01-15,2025-08-31,3100.0,4466.0
29400855,2,13160,18252.2,2025-01-30,2025-02-11,6580.0,9126.1
29540923,4,20720,32965.8,2025-05-13,2025-09-08,5180.0,8241.45
29875570,7,4620,7363.0,2025-01-13,2025-09-26,660.0,1051.857142857143
30038596,1,2150,3596.0,2025-08-03,2025-08-03,2150.0,3596.0
30155466,5,27900,54092.2,2025-02-11,2025-09-25,5580.0,10818.439999999999
30184321,2,5560,9991.0,2025-01-12,2025-01-20,2780.0,4995.5
30321714,2,22000,37587.0,2025-04-11,2025-08-10,11000.0,18793.5
30465096,1,4980,8849.2,2025-02-22,2025-02-22,4980.0,8849.2
30512809,2,5380,2024.5,2025-08-02,2025-08-05,2690.0,1012.25
31270055,1,7180,-91.2,2025-03-21,2025-03-21,7180.0,-91.2
31302298,2,9960,20645.2,2025-02-28,2025-05-28,4980.0,10322.6
31684574,4,10360,11958.1,2025-03-31,2025-07-24,2590.0,2989.525
31743322,1,11100,29474.0,2025-01-15,2025-01-15,11100.0,29474.0
31817974,3,4350,4329.5,2025-05-07,2025-09-18,1450.0,1443.1666666666667
31882676,2,9960,27139.2,2025-03-24,2025-06-27,4980.0,13569.6
31910726,1,5700,5198.0,2025-02-04,2025-02-04,5700.0,5198.0
31965024,1,6980,-37.0,2025-08-07,2025-08-07,6980.0,-37.0
32067104,4,29200,40654.0,2025-01-24,2025-07-24,7300.0,10163.5
32156174,3,5850,4884.0,2025-01-01,2025-08-16,1950.0,1628.0
32219595,4,8800,14375.0,2025-03-10,2025-06-13,2200.0,3593.75
32484702,4,29200,46877.0,2025-01-22,2025-06-04,7300.0,11719.25
32639679,3,20970,44568.2,2025-01-11,2025-04-04,6990.0,14856.066666666666
32712151,2,11960,7702.8,2025-06-19,2025-06-29,5980.0,3851.4
32717202,3,6960,11885.6,2025-04-20,2025-09-13,2320.0,3961.866666666667
32826828,5,34950,43656.7,2025-01-15,2025-09-15,6990.0,8731.34
32897454,2,9960,8436.0,2025-02-01,2025-02-19,4980.0,4218.0
32921978,5,35900,53495.6,2025-01-13,2025-05-14,7180.0,10699.119999999999
32997683,5,13900,18941.0,2025-04-22,2025-09-18,2780.0,3788.2
33150933,2,11160,29886.6,2025-01-06,2025-05-15,5580.0,14943.3
33191023,4,20720,24197.8,2025-04-03,2025-08-03,5180.0,6049.45
33336859,5,30000,18048.0,2025-01-02,2025-08-31,6000.0,3609.6
33346489,3,3180,4754.2,2025-04-23,2025-09-19,1060.0,1584.7333333333333
33351587,3,29940,30692.2,2025-02-21,2025-09-08,9980.0,10230.733333333334
33567369,2,4980,5184.0,2025-08-04,2025-08-14,2490.0,2592.0
33739806,3,3000,3297.0,2025-07-20,2025-09-06,1000.0,1099.0
33746541,1,2750,3852.5,2025-08-03,2025-08-03,2750.0,3852.5
33846396,3,9870,9086.1,2025-02-04,2025-08-11,3290.0,3028.7000000000003
33858877,1,6990,246.3,2025-01-13,2025-01-13,6990.0,246.3
33871669,1,4980,9574.6,2025-01-28,2025-01-28,4980.0,9574.6
33947909,3,18000,27754.0,2025-03-04,2025-08-16,6000.0,9251.333333333334
33958975,2,9980,5489.5,2025-02-19,2025-07-18,4990.0,2744.75
34088668,2,15160,20912.4,2025-08-04,2025-08-15,7580.0,10456.2
34175452,1,4400,7694.0,2025-07-19,2025-07-19,4400.0,7694.0
34456061,1,4980,3737.2,2025-07-20,2025-07-20,4980.0,3737.2
34469882,2,4900,8422.0,2025-03-11,2025-07-31,2450.0,4211.0
34502560,1,7828,15333.28,2025-04-13,2025-04-13,7828.0,15333.28
34508876,1,5580,485.6,2025-03-20,2025-03-20,5580.0,485.6
34539743,3,8970,20607.4,2025-02-18,2025-08-26,2990.0,6869.133333333334
34643765,6,41880,62918.2,2025-01-29,2025-08-31,6980.0,10486.366666666667
34657339,6,33000,46745.0,2025-01-23,2025-09-20,5500.0,7790.833333333333
34751007,3,5940,4286.2,2025-03-15,2025-07-30,1980.0,1428.7333333333333
34800221,3,3360,3133.4,2025-02-01,2025-07-11,1120.0,1044.4666666666667
34965828,1,3368,7.84,2025-08-09,2025-08-09,3368.0,7.84
35024002,1,3100,4856.0,2025-09-23,2025-09-23,3100.0,4856.0
35056511,2,2400,4605.0,2025-04-03,2025-04-29,1200.0,2302.5
35122854,4,22000,54782.0,2025-02-20,2025-08-01,5500.0,13695.5
35214367,4,39960,55279.5,2025-01-10,2025-07-17,9990.0,13819.875
35421823,3,2580,2489.2,2025-01-21,2025-09-18,860.0,829.7333333333332
35501394,1,2890,-209.0,2025-03-22,2025-03-22,2890.0,-209.0
35600902,2,15000,22731.0,2025-03-08,2025-04-05,7500.0,11365.5
35605795,2,4400,9450.0,2025-06-02,2025-07-14,2200.0,4725.0
35690160,3,16944,26343.28,2025-01-18,2025-07-16,5648.0,8781.093333333332
35738540,3,16500,19435.0,2025-01-17,2025-05-06,5500.0,6478.333333333333
35771482,1,6638,6161.62,2025-04-09,2025-04-09,6638.0,6161.62
35892837,2,22000,29324.0,2025-05-08,2025-06-21,11000.0,14662.0
35905708,1,5500,8720.0,2025-06-04,2025-06-04,5500.0,8720.0
36225094,1,5980,888.4,2025-06-04,2025-06-04,5980.0,888.4
36414021,2,22000,36570.0,2025-06-13,2025-09-26,11000.0,18285.0
36496711,3,20208,36828.4,2025-03-20,2025-04-20,6736.0,12276.133333333333
36508832,2,5780,9202.3,2025-02-14,2025-09-22,2890.0,4601.15
36571012,5,6450,5957.8,2025-06-03,2025-09-15,1290.0,1191.56
36659027,1,5300,4840.0,2025-07-20,2025-07-20,5300.0,4840.0
36763385,3,17970,17330.7,2025-06-14,2025-09-02,5990.0,5776.900000000001
36814941,1,5500,9204.0,2025-06-25,2025-06-25,5500.0,9204.0
36890351,2,10360,22804.8,2025-03-11,2025-09-09,5180.0,11402.4
36919791,3,5400,4277.0,2025-06-22,2025-09-23,1800.0,1425.6666666666667
37130177,2,5160,6864.4,2025-05-01,2025-06-09,2580.0,3432.2
37203467,2,13160,22342.8,2025-07-16,2025-09-27,6580.0,11171.4
37293235,2,6180,10949.0,2025-01-15,2025-06-06,3090.0,5474.5
37316597,1,3180,5276.2,2025-08-09,2025-08-09,3180.0,5276.2
37600233,2,1960,359.6,2025-04-10,2025-04-16,980.0,179.8
37739044,2,6980,9714.9,2025-01-16,2025-05-27,3490.0,4857.45
37857061,3,8700,10387.0,2025-01-20,2025-07-14,2900.0,3462.3333333333335
37897172,3,14940,35960.2,2025-01-08,2025-06-23,4980.0,11986.733333333332
38056815,2,4780,86.3,2025-01-12,2025-08-22,2390.0,43.15
38070392,3,29940,50571.2,2025-02-09,2025-06-30,9980.0,16857.066666666666
38119865,4,21520,19389.2,2025-02-08,2025-04-23,5380.0,4847.3
38137830,3,16140,24690.2,2025-02-07,2025-08-21,5380.0,8230.066666666668
38174132,5,11450,13288.5,2025-03-13,2025-08-16,2290.0,2657.7
38203618,1,5980,15918.4,2025-08-29,2025-08-29,5980.0,15918.4
38609788,2,11960,26620.4,2025-08-07,2025-09-26,5980.0,13310.2
38702896,1,4980,3778.2,2025-02-05,2025-02-05,4980.0,3778.2
38798252,2,5400,4374.0,2025-03-31,2025-08-04,2700.0,2187.0
38916371,4,32800,64310.0,2025-03-29,2025-09-22,8200.0,16077.5
39181299,1,7180,13433.0,2025-09-09,2025-09-09,7180.0,13433.0
39196346,3,17940,11562.4,2025-01-13,2025-09-12,5980.0,3854.133333333333
39462607,1,11100,10677.0,2025-05-15,2025-05-15,11100.0,10677.0
39478464,3,11100,22946.0,2025-02-08,2025-08-10,3700.0,7648.666666666667
39493765,1,9100,9471.0,2025-04-05,2025-04-05,9100.0,9471.0
39497042,4,8000,11090.0,2025-03-21,2025-08-18,2000.0,2772.5
39535140,2,6200,6442.0,2025-01-26,2025-07-08,3100.0,3221.0
39705473,1,5300,13322.0,2025-07-16,2025-07-16,5300.0,13322.0
39912009,5,24950,23157.9,2025-03-18,2025-08-28,4990.0,4631.58
39920707,2,2000,1901.0,2025-06-14,2025-09-20,1000.0,950.5
40042947,2,11980,10131.3,2025-08-24,2025-08-31,5990.0,5065.65
40509576,2,14360,27478.8,2025-04-19,2025-09-12,7180.0,13739.4
40542742,2,10400,8996.0,2025-02-27,2025-09-21,5200.0,4498.0
40831517,3,10770,19005.2,2025-01-10,2025-06-01,3590.0,6335.066666666667
40877478,2,9980,21752.1,2025-01-24,2025-08-04,4990.0,10876.05
40907194,2,11980,16450.2,2025-01-29,2025-08-12,5990.0,8225.1
40911969,2,12180,26085.6,2025-05-01,2025-08-22,6090.0,13042.8
40968458,1,4980,9832.0,2025-02-02,2025-02-02,4980.0,9832.0
41313579,4,4800,9319.0,2025-02-24,2025-08-21,1200.0,2329.75
41413237,1,7180,1247.4,2025-08-28,2025-08-28,7180.0,1247.4
41460381,4,15264,25302.52,2025-02-17,2025-07-25,3816.0,6325.63
41515025,4,3920,5546.6,2025-05-18,2025-09-19,980.0,1386.65
41812842,3,14940,13026.0,2025-04-02,2025-09-17,4980.0,4342.0
41865954,4,23920,25379.8,2025-01-02,2025-08-07,5980.0,6344.95
41999620,3,4260,8559.6,2025-02-12,2025-08-17,1420.0,2853.2000000000003
42076004,1,5100,4840.0,2025-06-25,2025-06-25,5100.0,4840.0
42123172,7,14350,22053.5,2025-02-21,2025-09-01,2050.0,3150.5
42232730,2,21560,28114.4,2025-01-01,2025-08-18,10780.0,14057.2
42236708,6,33480,45396.0,2025-03-09,2025-09-23,5580.0,7566.0
42294120,4,19920,25041.4,2025-04-24,2025-07-30,4980.0,6260.35
42354439,2,13160,23690.0,2025-07-19,2025-08-03,6580.0,11845.0
42364136,8,22240,29012.2,2025-03-30,2025-08-04,2780.0,3626.525
42373022,1,5500,5087.0,2025-08-14,2025-08-14,5500.0,5087.0
42375033,1,9100,9031.0,2025-07-01,2025-07-01,9100.0,9031.0
42464834,2,6800,9264.0,2025-02-07,2025-06-14,3400.0,4632.0
42522552,2,2160,237.4,2025-05-31,2025-07-18,1080.0,118.7
42530270,2,9980,14374.4,2025-04-16,2025-06-27,4990.0,7187.2
42599054,1,7580,20847.0,2025-07-02,2025-07-02,7580.0,20847.0
42624136,5,45900,51473.4,2025-01-31,2025-09-06,9180.0,10294.68
42668897,3,22140,39814.8,2025-01-15,2025-08-23,7380.0,13271.6
42669478,5,55500,96388.0,2025-01-18,2025-06-08,11100.0,19277.6
42673199,3,21540,26738.4,2025-05-10,2025-09-15,7180.0,8912.800000000001
42826695,1,7990,7920.5,2025-04-26,2025-04-26,7990.0,7920.5
43022400,4,11920,20521.4,2025-01-29,2025-09-25,2980.0,5130.35
43049959,4,22000,20353.0,2025-05-18,2025-09-26,5500.0,5088.25
43094185,2,9400,11471.0,2025-06-03,2025-06-11,4700.0,5735.5
43138987,4,26320,34679.4,2025-04-15,2025-09-22,6580.0,8669.85
43178236,3,18000,36978.0,2025-05-18,2025-07-23,6000.0,12326.0
43423685,4,13520,19637.0,2025-03-04,2025-09-27,3380.0,4909.25
43502425,2,20012,9279.06,2025-06-12,2025-09-15,10006.0,4639.53
43510857,3,19740,28353.0,2025-05-29,2025-08-16,6580.0,9451.0
43666607,2,4100,3082.5,2025-06-02,2025-09-17,2050.0,1541.25
43747379,3,8940,10156.4,2025-07-30,2025-09-10,2980.0,3385.4666666666667
43776637,5,29900,40929.8,2025-02-11,2025-09-26,5980.0,8185.960000000001
43817644,3,33300,50228.0,2025-02-15,2025-09-08,11100.0,16742.666666666668
43896197,3,14940,14427.6,2025-07-04,2025-07-27,4980.0,4809.2
43923333,3,17970,24015.8,2025-01-27,2025-05-14,5990.0,8005.266666666666
44062204,2,10760,9517.4,2025-02-26,2025-07-08,5380.0,4758.7
44146850,4,31312,37579.84,2025-01-17,2025-08-26,7828.0,9394.96
44260719,5,18950,29667.5,2025-08-01,2025-09-06,3790.0,5933.5
44323356,4,20400,21924.0,2025-04-06,2025-07-25,5100.0,5481.0
44373202,3,4740,3537.8,2025-01-05,2025-08-15,1580.0,1179.2666666666667
44426303,2,9960,17233.8,2025-02-02,2025-04-26,4980.0,8616.9
44699881,2,13560,11730.8,2025-01-22,2025-06-02,6780.0,5865.4
44703697,5,24900,25903.4,2025-01-20,2025-09-17,4980.0,5180.68
44760063,2,11960,12621.4,2025-05-05,2025-08-01,5980.0,6310.7
44809215,2,14600,1938.0,2025-02-19,2025-05-02,7300.0,969.0
44901759,2,7000,-58.0,2025-03-22,2025-05-31,3500.0,-29.0
45016869,3,10470,18519.1,2025-05-12,2025-09-28,3490.0,6173.033333333333
45162734,2,11000,15007.0,2025-04-06,2025-06-06,5500.0,7503.5
45437720,7,19950,10929.5,2025-03-16,2025-08-15,2850.0,1561.357142857143
45765450,3,9540,16291.2,2025-01-25,2025-09-16,3180.0,5430.400000000001
45844803,1,4906,-94.52,2025-04-18,2025-04-18,4906.0,-94.52
45932023,2,12360,22489.6,2025-02-15,2025-05-30,6180.0,11244.8
45963238,2,5200,356.0,2025-04-03,2025-04-19,2600.0,178.0
46140671,3,21900,51388.0,2025-01-06,2025-09-05,7300.0,17129.333333333332
46303448,3,31200,31600.0,2025-02-03,2025-07-16,10400.0,10533.333333333334
46434145,4,20720,33069.6,2025-02-22,2025-09-22,5180.0,8267.4
46518137,1,1560,2439.6,2025-05-27,2025-05-27,1560.0,2439.6
46536130,3,11070,4099.1,2025-01-27,2025-05-15,3690.0,1366.3666666666668
46766529,3,21000,44819.0,2025-03-26,2025-07-14,7000.0,14939.666666666666
46775139,3,19740,35180.2,2025-01-31,2025-04-25,6580.0,11726.733333333332
46780122,2,11000,810.0,2025-02-28,2025-07-06,5500.0,405.0
46916967,1,2490,6628.5,2025-09-28,2025-09-28,2490.0,6628.5
47113990,3,20700,20072.0,2025-01-11,2025-05-22,6900.0,6690.666666666667
47335358,5,13900,12165.6,2025-01-21,2025-09-24,2780.0,2433.12
47344384,4,15920,14137.2,2025-03-04,2025-07-13,3980.0,3534.3
47380526,4,19960,20155.5,2025-02-09,2025-07-07,4990.0,5038.875
47418597,2,5800,11971.0,2025-07-01,2025-09-09,2900.0,5985.5
47477350,5,27500,35718.0,2025-04-30,2025-08-30,5500.0,7143.6
47545727,4,7200,7387.0,2025-02-17,2025-05-27,1800.0,1846.75
47547508,2,20760,21270.6,2025-05-06,2025-05-23,10380.0,10635.3
47631395,5,27900,16371.0,2025-01-06,2025-07-23,5580.0,3274.2
47730210,1,9180,15698.4,2025-08-14,2025-08-14,9180.0,15698.4
48025495,2,300,-213.0,2025-06-10,2025-07-13,150.0,-106.5
48103158,4,10000,8340.0,2025-02-23,2025-09-24,2500.0,2085.0
48542574,3,14970,17511.5,2025-01-31,2025-05-29,4990.0,5837.166666666667
48742299,6,66600,102646.0,2025-01-24,2025-09-28,11100.0,17107.666666666668
48759312,5,7450,9107.5,2025-01-18,2025-07-23,1490.0,1821.5
48819696,3,15300,27315.0,2025-05-09,2025-05-22,5100.0,9105.0
48820146,3,7740,2858.6,2025-02-12,2025-06-06,2580.0,952.8666666666667
49167948,1,7180,6725.0,2025-01-29,2025-01-29,7180.0,6725.0
49227251,3,4800,11564.0,2025-03-29,2025-09-01,1600.0,3854.6666666666665
49463647,2,22200,40606.0,2025-02-06,2025-03-16,11100.0,20303.0
49649549,4,3520,-473.0,2025-03-03,2025-09-20,880.0,-118.25
49969528,2,5960,7595.4,2025-03-11,2025-09-01,2980.0,3797.7
49991507,3,35970,44338.0,2025-01-03,2025-09-24,11990.0,14779.333333333334
50339234,4,11732,10603.27,2025-01-27,2025-07-19,2933.0,2650.8175
50394726,1,600,631.0,2025-04-26,2025-04-26,600.0,631.0
50625074,2,11960,15999.6,2025-01-08,2025-06-04,5980.0,7999.8
50680192,1,11000,430.0,2025-08-22,2025-08-22,11000.0,430.0
50877595,2,6700,6607.5,2025-03-30,2025-06-30,3350.0,3303.75
50907007,3,33300,42448.0,2025-01-06,2025-05-10,11100.0,14149.333333333334
51023847,3,14970,26589.9,2025-06-07,2025-09-08,4990.0,8863.300000000001
51160776,1,11000,2120.0,2025-02-23,2025-02-23,11000.0,2120.0
51178363,1,2980,92.6,2025-03-07,2025-03-07,2980.0,92.6
51304009,4,27960,22218.4,2025-04-06,2025-08-14,6990.0,5554.6
51313051,3,33300,22084.0,2025-05-16,2025-09-15,11100.0,7361.333333333333
51498093,1,5580,5263.6,2025-09-19,2025-09-19,5580.0,5263.6
51575941,6,20280,29832.8,2025-01-11,2025-09-20,3380.0,4972.133333333333
51633895,2,4000,6438.0,2025-04-07,2025-05-06,2000.0,3219.0
51675683,2,12000,11114.0,2025-01-05,2025-02-10,6000.0,5557.0
51684723,3,21540,22249.0,2025-02-22,2025-09-22,7180.0,7416.333333333333
51752271,2,11000,11674.0,2025-01-07,2025-06-05,5500.0,5837.0
51813913,3,6450,14091.0,2025-03-25,2025-09-17,2150.0,4697.0
51863845,1,420,-161.8,2025-08-02,2025-08-02,420.0,-161.8
52059480,2,9980,12723.8,2025-03-21,2025-04-30,4990.0,6361.9
52067394,3,2820,3997.2,2025-04-14,2025-09-06,940.0,1332.3999999999999
52075157,3,21540,17216.6,2025-04-16,2025-07-09,7180.0,5738.866666666666
52116150,2,6760,18699.6,2025-04-03,2025-09-10,3380.0,9349.8
52180216,1,1800,2719.0,2025-02-18,2025-02-18,1800.0,2719.0
52297033,4,10200,17421.5,2025-02-21,2025-08-27,2550.0,4355.375
52308782,5,19900,34443.0,2025-02-15,2025-09-09,3980.0,6888.6
52326977,3,4140,1866.4,2025-01-16,2025-07-21,1380.0,622.1333333333333
52441227,1,2580,6418.4,2025-09-27,2025-09-27,2580.0,6418.4
52491122,2,11960,22613.4,2025-01-14,2025-09-11,5980.0,11306.7
52629278,5,29950,56799.3,2025-03-15,2025-05-16,5990.0,11359.86
52732703,6,37200,44159.0,2025-01-01,2025-09-15,6200.0,7359.833333333333
52760747,4,18800,34498.0,2025-01-23,2025-09-27,4700.0,8624.5
52863920,2,22000,1012.0,2025-01-06,2025-03-14,11000.0,506.0
52923583,2,2000,3919.0,2025-07-13,2025-07-20,1000.0,1959.5
52946669,1,2650,230.0,2025-02-11,2025-02-11,2650.0,230.0
52953466,3,7470,14956.9,2025-02-26,2025-07-20,2490.0,4985.633333333333
53249946,1,1624,4310.12,2025-09-14,2025-09-14,1624.0,4310.12
53363052,1,7180,761.2,2025-06-03,2025-06-03,7180.0,761.2
53675020,3,16740,29527.4,2025-03-11,2025-09-16,5580.0,9842.466666666667
53858511,4,11800,15520.5,2025-02-09,2025-09-20,2950.0,3880.125
53977919,3,16740,9658.2,2025-07-11,2025-09-01,5580.0,3219.4
54064492,2,9960,-132.4,2025-03-25,2025-08-29,4980.0,-66.2
54066848,1,9180,-236.2,2025-05-10,2025-05-10,9180.0,-236.2
54094339,2,13160,30172.4,2025-01-04,2025-07-25,6580.0,15086.2
54150352,2,3380,4149.4,2025-06-02,2025-06-25,1690.0,2074.7
54154203,3,8940,5556.2,2025-01-04,2025-04-04,2980.0,1852.0666666666666
54251905,4,8000,9868.0,2025-02-08,2025-09-16,2000.0,2467.0
54290924,5,35900,38913.8,2025-05-24,2025-08-28,7180.0,7782.76
54375561,4,10800,9828.0,2025-01-01,2025-04-10,2700.0,2457.0
54421974,2,1040,1054.8,2025-04-25,2025-09-10,520.0,527.4
54599649,1,7380,19664.0,2025-01-13,2025-01-13,7380.0,19664.0
54781961,3,22566,19663.72,2025-08-02,2025-08-22,7522.0,6554.573333333334
54981333,2,5780,11632.6,2025-01-19,2025-02-09,2890.0,5816.3
55041656,2,5580,7677.5,2025-01-01,2025-06-15,2790.0,3838.75
55068920,5,6300,4627.0,2025-03-21,2025-09-18,1260.0,925.4
55418733,3,33300,21073.0,2025-02-03,2025-09-26,11100.0,7024.333333333333
55426923,3,23484,17131.52,2025-01-02,2025-06-01,7828.0,5710.506666666667
55570580,7,77700,47915.0,2025-01-02,2025-06-09,11100.0,6845.0
55594711,1,3162,7704.06,2025-07-17,2025-07-17,3162.0,7704.06
55667150,2,11160,27617.2,2025-03-25,2025-05-21,5580.0,13808.6
55765055,3,8940,10885.6,2025-03-17,2025-05-07,2980.0,3628.5333333333333
55970003,3,16740,20639.6,2025-01-14,2025-08-02,5580.0,6879.866666666666
56052630,2,5560,6852.2,2025-05-09,2025-08-25,2780.0,3426.1
56099077,1,1040,634.0,2025-05-11,2025-05-11,1040.0,634.0
56270048,3,21540,8598.2,2025-02-19,2025-09-13,7180.0,2866.066666666667
56604839,4,13960,18106.4,2025-01-30,2025-08-07,3490.0,4526.6
56607737,2,14360,39625.4,2025-02-06,2025-02-15,7180.0,19812.7
56847236,2,18360,34889.4,2025-08-27,2025-09-28,9180.0,17444.7
56908719,1,5980,10932.4,2025-01-09,2025-01-09,5980.0,10932.4
56970638,2,9560,25233.6,2025-03-22,2025-08-08,4780.0,12616.8
57336840,3,5400,8881.0,2025-01-27,2025-04-04,1800.0,2960.3333333333335
57338726,4,19920,27098.6,2025-01-31,2025-09-12,4980.0,6774.65
57412404,2,9400,20770.0,2025-01-07,2025-07-31,4700.0,10385.0
57461608,2,7000,12571.0,2025-02-15,2025-07-28,3500.0,6285.5
57636631,2,6200,8618.0,2025-07-02,2025-07-26,3100.0,4309.0
57648642,1,7380,1086.2,2025-04-11,2025-04-11,7380.0,1086.2
57862472,3,9300,18517.0,2025-01-09,2025-09-06,3100.0,6172.333333333333
58035424,4,10800,6922.0,2025-05-12,2025-09-08,2700.0,1730.5
58217246,1,6580,10593.4,2025-03-06,2025-03-06,6580.0,10593.4
58239097,1,7380,14027.2,2025-05-23,2025-05-23,7380.0,14027.2
58295345,7,32900,52190.0,2025-02-02,2025-09-15,4700.0,7455.714285714285
58356356,4,10320,16771.4,2025-03-11,2025-09-18,2580.0,4192.85
58445728,1,6180,5984.0,2025-02-11,2025-02-11,6180.0,5984.0
58452083,1,690,819.7,2025-07-11,2025-07-11,690.0,819.7
58484682,5,21900,35243.2,2025-03-09,2025-09-23,4380.0,7048.639999999999
58507722,2,11000,10580.0,2025-05-11,2025-07-28,5500.0,5290.0
58519965,1,5800,4803.0,2025-05-15,2025-05-15,5800.0,4803.0
58794039,3,9900,19108.0,2025-04-15,2025-08-22,3300.0,6369.333333333333
59016478,1,3490,5994.4,2025-08-12,2025-08-12,3490.0,5994.4
59157402,1,3100,3317.0,2025-08-26,2025-08-26,3100.0,3317.0
59197687,5,45900,81537.0,2025-02-18,2025-09-11,9180.0,16307.4
59240777,6,7320,7140.6,2025-03-09,2025-09-24,1220.0,1190.1000000000001
59404266,2,12180,6475.4,2025-02-28,2025-04-03,6090.0,3237.7
59775520,6,2940,413.3,2025-02-25,2025-08-26,490.0,68.88333333333334
59810682,1,3490,2686.8,2025-09-18,2025-09-18,3490.0,2686.8
59874443,2,6760,11617.8,2025-03-07,2025-07-31,3380.0,5808.9
59917650,2,11296,11033.44,2025-07-27,2025-08-09,5648.0,5516.72
60315278,3,3060,2485.0,2025-03-28,2025-08-11,1020.0,828.3333333333334
60414566,1,2650,390.5,2025-08-16,2025-08-16,2650.0,390.5
60481401,4,13520,18079.8,2025-01-01,2025-09-27,3380.0,4519.95
60654307,3,9300,10816.0,2025-05-23,2025-06-28,3100.0,3605.3333333333335
60672089,1,11990,10022.2,2025-06-14,2025-06-14,11990.0,10022.2
60679385,4,5360,3943.2,2025-01-18,2025-04-04,1340.0,985.8
60736622,4,75040,86935.6,2025-04-16,2025-05-13,18760.0,21733.9
60822434,3,27300,34428.0,2025-06-22,2025-07-27,9100.0,11476.0
60866651,3,16740,20112.4,2025-02-26,2025-04-23,5580.0,6704.133333333334
61043170,3,8070,15786.8,2025-01-18,2025-06-20,2690.0,5262.266666666666
61392847,4,22320,44567.4,2025-01-15,2025-07-31,5580.0,11141.85
61427977,4,13960,14557.7,2025-02-24,2025-09-22,3490.0,3639.425
61473853,2,12100,15260.5,2025-01-15,2025-04-01,6050.0,7630.25
61490753,3,3420,2414.0,2025-01-08,2025-08-12,1140.0,804.6666666666666
61524158,5,25500,42839.0,2025-02-14,2025-08-24,5100.0,8567.8
61640595,6,20280,10611.2,2025-01-13,2025-07-16,3380.0,1768.5333333333335
61674284,2,11120,5001.0,2025-02-27,2025-08-03,5560.0,2500.5
62021585,4,7440,6458.4,2025-06-11,2025-09-03,1860.0,1614.6
62235684,1,5980,10544.0,2025-02-26,2025-02-26,5980.0,10544.0
62243407,1,6180,5888.6,2025-08-31,2025-08-31,6180.0,5888.6
62425327,3,21540,34784.8,2025-01-08,2025-08-31,7180.0,11594.933333333334
62448369,3,8940,8250.2,2025-03-21,2025-09-24,2980.0,2750.066666666667
62613196,4,26320,28577.6,2025-01-29,2025-08-07,6580.0,7144.4
62735299,2,13960,12906.8,2025-03-06,2025-04-29,6980.0,6453.4
62735344,4,11920,21314.4,2025-02-15,2025-09-18,2980.0,5328.6
62741760,2,17980,24708.4,2025-01-17,2025-06-03,8990.0,12354.2
62743855,1,3380,-179.6,2025-06-24,2025-06-24,3380.0,-179.6
63093696,4,11920,15376.8,2025-03-12,2025-06-16,2980.0,3844.2
63259901,6,30600,50353.0,2025-02-05,2025-07-10,5100.0,8392.166666666666
63266145,1,1950,1247.0,2025-08-11,2025-08-11,1950.0,1247.0
63335242,2,15960,15696.8,2025-02-27,2025-05-29,7980.0,7848.4
63341383,3,2070,1425.3,2025-04-22,2025-08-22,690.0,475.09999999999997
63600414,1,5580,10146.6,2025-09-06,2025-09-06,5580.0,10146.6
64089075,5,23000,35910.0,2025-01-01,2025-09-08,4600.0,7182.0
64096625,3,2100,2754.0,2025-02-16,2025-09-28,700.0,918.0
64199822,2,10600,27283.0,2025-03-22,2025-05-12,5300.0,13641.5
64280433,1,5396,14581.88,2025-07-07,2025-07-07,5396.0,14581.88
64327413,6,18600,21885.0,2025-02-07,2025-08-29,3100.0,3647.5
64330327,1,3100,229.0,2025-03-17,2025-03-17,3100.0,229.0
64363579,1,6780,12951.0,2025-01-20,2025-01-20,6780.0,12951.0
64474460,3,19560,44467.0,2025-01-10,2025-08-15,6520.0,14822.333333333334
64493994,2,5960,10617.8,2025-06-22,2025-08-23,2980.0,5308.9
64538087,5,17450,28615.4,2025-01-02,2025-05-21,3490.0,5723.08
64541408,1,2550,-128.5,2025-06-03,2025-06-03,2550.0,-128.5
64604307,3,20940,20546.6,2025-01-04,2025-07-26,6980.0,6848.866666666666
64670295,1,4980,13334.8,2025-01-06,2025-01-06,4980.0,13334.8
64821792,2,11160,10864.8,2025-05-07,2025-05-26,5580.0,5432.4
65123860,1,3490,9144.9,2025-06-23,2025-06-23,3490.0,9144.9
65415657,6,43080,55166.4,2025-01-06,2025-09-25,7180.0,9194.4
65461995,1,5980,15704.2,2025-02-18,2025-02-18,5980.0,15704.2
65489961,4,25680,36310.4,2025-02-10,2025-08-04,6420.0,9077.6
65491653,2,6760,6082.4,2025-08-21,2025-09-26,3380.0,3041.2
65992151,5,17000,25262.0,2025-01-23,2025-07-04,3400.0,5052.4
66144867,4,36720,25288.4,2025-04-25,2025-09-18,9180.0,6322.1
66208240,3,14940,16379.2,2025-04-11,2025-06-22,4980.0,5459.733333333334
66519859,3,14700,21553.0,2025-02-02,2025-09-08,4900.0,7184.333333333333
66638917,2,5560,6924.8,2025-07-26,2025-09-08,2780.0,3462.4
67131607,1,1180,2427.4,2025-08-16,2025-08-16,1180.0,2427.4
67151078,1,6180,1061.4,2025-08-28,2025-08-28,6180.0,1061.4
67182647,4,12400,16121.0,2025-01-14,2025-07-19,3100.0,4030.25
67317287,1,1000,-160.0,2025-09-24,2025-09-24,1000.0,-160.0
67418195,3,16140,31545.4,2025-05-01,2025-08-04,5380.0,10515.133333333333
67674825,3,10140,13545.0,2025-01-08,2025-06-05,3380.0,4515.0
67730240,2,5200,6604.0,2025-04-30,2025-09-12,2600.0,3302.0
67732421,3,21900,33365.0,2025-03-21,2025-08-16,7300.0,11121.666666666666
67734976,2,9960,18768.2,2025-06-19,2025-07-16,4980.0,9384.1
67982365,2,10200,16734.0,2025-01-08,2025-03-27,5100.0,8367.0
68096550,1,5200,9139.0,2025-03-02,2025-03-02,5200.0,9139.0
68149765,2,6760,7680.2,2025-08-22,2025-09-08,3380.0,3840.1
68159326,9,11160,13708.6,2025-03-18,2025-09-20,1240.0,1523.177777777778
68162392,2,13960,21348.4,2025-07-24,2025-09-17,6980.0,10674.2
68243217,1,3590,6317.4,2025-07-06,2025-07-06,3590.0,6317.4
68280793,1,3380,5376.4,2025-02-04,2025-02-04,3380.0,5376.4
68446959,2,11960,1451.0,2025-01-10,2025-03-29,5980.0,725.5
68455110,6,29880,53924.4,2025-02-04,2025-08-27,4980.0,8987.4
68723156,1,3490,2731.4,2025-08-24,2025-08-24,3490.0,2731.4
68942875,2,11980,25616.0,2025-02-10,2025-06-09,5990.0,12808.0
68959314,2,15160,2653.2,2025-02-05,2025-09-01,7580.0,1326.6
68959920,1,2380,-213.6,2025-04-26,2025-04-26,2380.0,-213.6
68974260,2,5000,6827.0,2025-08-28,2025-09-20,2500.0,3413.5
69113632,2,4200,5677.0,2025-02-08,2025-06-11,2100.0,2838.5
69371023,7,43260,51967.2,2025-01-03,2025-09-05,6180.0,7423.885714285714
69376098,1,2990,286.8,2025-06-11,2025-06-11,2990.0,286.8
69561939,1,6180,7196.0,2025-01-15,2025-01-15,6180.0,7196.0
69586840,2,6360,2170.4,2025-04-28,2025-06-22,3180.0,1085.2
69728328,5,9000,12922.0,2025-03-26,2025-09-06,1800.0,2584.4
69845855,1,5800,6001.0,2025-04-09,2025-04-09,5800.0,6001.0
69857947,3,33300,21236.0,2025-04-23,2025-08-31,11100.0,7078.666666666667
69940113,1,4980,4493.0,2025-08-15,2025-08-15,4980.0,4493.0
69990915,2,3200,2227.0,2025-04-16,2025-05-25,1600.0,1113.5
70074612,2,5720,2766.4,2025-02-28,2025-09-21,2860.0,1383.2
70160612,7,54796,117330.52,2025-01-05,2025-09-22,7828.0,16761.50285714286
70326795,8,88800,74336.0,2025-01-11,2025-08-16,11100.0,9292.0
70533928,2,11732,25985.3,2025-04-22,2025-05-23,5866.0,12992.65
70540068,2,9560,17491.0,2025-03-12,2025-03-27,4780.0,8745.5
70591490,2,7000,6836.0,2025-01-03,2025-07-23,3500.0,3418.0
70809079,3,29940,48598.2,2025-04-08,2025-08-27,9980.0,16199.4
71037188,1,1800,2841.0,2025-04-20,2025-04-20,1800.0,2841.0
71114241,2,3100,3730.0,2025-01-30,2025-07-07,1550.0,1865.0
71130502,2,19980,28786.3,2025-03-30,2025-09-21,9990.0,14393.15
71218572,5,15500,20589.0,2025-02-17,2025-08-23,3100.0,4117.8
71320164,1,6490,13050.3,2025-04-30,2025-04-30,6490.0,13050.3
71333535,7,10220,12282.0,2025-02-02,2025-07-26,1460.0,1754.5714285714287
71446261,6,31080,46201.2,2025-01-12,2025-07-28,5180.0,7700.2
71602389,2,10200,5582.0,2025-06-19,2025-07-23,5100.0,2791.0
71643669,5,55500,74237.0,2025-02-06,2025-09-18,11100.0,14847.4
71669416,2,5560,4759.2,2025-01-23,2025-09-28,2780.0,2379.6
71734525,1,2200,3289.0,2025-08-22,2025-08-22,2200.0,3289.0
71947674,5,27500,35861.0,2025-01-03,2025-08-30,5500.0,7172.2
72010900,1,5980,5608.6,2025-03-07,2025-03-07,5980.0,5608.6
72055283,2,21960,33059.8,2025-04-27,2025-05-26,10980.0,16529.9
72155725,3,16944,36392.16,2025-01-16,2025-09-04,5648.0,12130.720000000001
72208276,3,16740,30605.0,2025-02-13,2025-06-23,5580.0,10201.666666666666
72257964,2,9980,18360.1,2025-01-18,2025-02-27,4990.0,9180.05
72357603,4,20720,28744.4,2025-01-20,2025-03-05,5180.0,7186.1
72387757,1,700,1364.0,2025-06-25,2025-06-25,700.0,1364.0
72389005,1,9980,27391.0,2025-05-20,2025-05-20,9980.0,27391.0
72395314,3,8970,10452.3,2025-01-16,2025-09-05,2990.0,3484.1
72536399,3,4800,1150.0,2025-01-19,2025-04-10,1600.0,383.3333333333333
72747359,2,6900,12654.0,2025-01-13,2025-06-01,3450.0,6327.0
72864961,5,34900,50889.4,2025-01-26,2025-07-13,6980.0,10177.880000000001
72952203,3,20214,19713.8,2025-03-09,2025-09-20,6738.0,6571.266666666666
73339847,5,12980,24185.08,2025-01-04,2025-09-02,2596.0,4837.0160000000005
73366984,1,5648,5814.8,2025-09-25,2025-09-25,5648.0,5814.8
73450118,1,4980,665.2,2025-05-01,2025-05-01,4980.0,665.2
73534464,2,5560,9418.6,2025-02-12,2025-06-22,2780.0,4709.3
73722467,3,16500,15112.0,2025-03-25,2025-09-20,5500.0,5037.333333333333
73779124,2,11160,15731.2,2025-06-26,2025-08-01,5580.0,7865.6
73878829,5,14500,16846.0,2025-01-18,2025-08-22,2900.0,3369.2
73953828,3,14970,26194.9,2025-03-14,2025-09-13,4990.0,8731.633333333333
74085515,2,11980,22931.4,2025-06-20,2025-09-17,5990.0,11465.7
74230163,2,9980,4681.0,2025-05-08,2025-05-09,4990.0,2340.5
74517804,2,500,-499.5,2025-01-12,2025-02-21,250.0,-249.75
74519088,2,11980,6023.4,2025-01-09,2025-03-24,5990.0,3011.7
74559111,3,4170,8006.1,2025-03-09,2025-06-03,1390.0,2668.7000000000003
74566460,4,45264,40717.52,2025-04-05,2025-09-14,11316.0,10179.38
74588621,7,17850,21831.5,2025-01-11,2025-09-05,2550.0,3118.785714285714
74682626,3,8340,16389.8,2025-01-14,2025-05-20,2780.0,5463.266666666666
74692955,7,35868,14683.92,2025-01-28,2025-09-24,5124.0,2097.7028571428573
74784496,4,44400,57510.0,2025-03-19,2025-09-14,11100.0,14377.5
74952520,4,19920,45941.8,2025-05-03,2025-09-19,4980.0,11485.45
75134712,5,12900,23930.8,2025-03-28,2025-07-17,2580.0,4786.16
75174314,3,22140,27670.6,2025-01-23,2025-03-07,7380.0,9223.533333333333
75673901,2,17980,18146.8,2025-06-07,2025-07-10,8990.0,9073.4
75709449,2,22200,10702.0,2025-01-26,2025-09-19,11100.0,5351.0
75824696,1,7580,12161.8,2025-07-13,2025-07-13,7580.0,12161.8
76003966,1,5990,9651.9,2025-09-20,2025-09-20,5990.0,9651.9
76161009,3,18570,32857.9,2025-01-08,2025-08-06,6190.0,10952.633333333333
76585970,5,25900,31843.0,2025-02-01,2025-06-06,5180.0,6368.6
77043917,1,11100,28223.0,2025-08-14,2025-08-14,11100.0,28223.0
77056010,2,10860,23793.7,2025-02-01,2025-02-02,5430.0,11896.85
77137463,3,4650,6025.5,2025-05-09,2025-08-20,1550.0,2008.5
77148972,1,7380,19920.2,2025-01-08,2025-01-08,7380.0,19920.2
77282880,6,33480,54975.4,2025-01-05,2025-07-18,5580.0,9162.566666666668
77364242,1,7000,1132.0,2025-07-20,2025-07-20,7000.0,1132.0
77440758,3,27540,10627.2,2025-01-20,2025-04-04,9180.0,3542.4
77597491,3,21900,39607.0,2025-04-28,2025-07-31,7300.0,13202.333333333334
77629680,3,19740,24577.6,2025-02-21,2025-04-16,6580.0,8192.533333333333
77758278,1,9100,15980.0,2025-06-16,2025-06-16,9100.0,15980.0
77792184,1,2580,3963.4,2025-03-14,2025-03-14,2580.0,3963.4
77801450,1,4990,8541.2,2025-06-15,2025-06-15,4990.0,8541.2
77879975,2,5160,3963.8,2025-04-10,2025-04-28,2580.0,1981.9
77963118,2,5700,1834.5,2025-03-11,2025-04-20,2850.0,917.25
77990161,1,1460,-176.0,2025-04-05,2025-04-05,1460.0,-176.0
78108555,8,48400,60146.5,2025-02-18,2025-09-06,6050.0,7518.3125
78143684,2,6200,-238.0,2025-02-05,2025-03-16,3100.0,-119.0
78206062,1,980,2029.4,2025-03-26,2025-03-26,980.0,2029.4
78585756,6,39480,63711.2,2025-01-09,2025-06-17,6580.0,10618.533333333333
78722650,3,27540,35209.6,2025-02-05,2025-08-04,9180.0,11736.533333333333
78746042,1,560,-394.4,2025-04-28,2025-04-28,560.0,-394.4
78752940,3,21540,26004.0,2025-03-03,2025-07-24,7180.0,8668.0
78884710,4,47960,88541.2,2025-02-24,2025-09-09,11990.0,22135.3
79101202,3,11340,25358.4,2025-04-18,2025-06-03,3780.0,8452.800000000001
79115313,1,4980,14122.8,2025-07-29,2025-07-29,4980.0,14122.8
79145863,4,11920,7960.4,2025-07-15,2025-09-22,2980.0,1990.1
79336129,2,11000,13874.0,2025-03-22,2025-04-22,5500.0,6937.0
79490292,2,6980,12067.2,2025-01-15,2025-06-23,3490.0,6033.6
79587722,2,5400,7391.0,2025-05-16,2025-08-11,2700.0,3695.5
79641918,2,12000,20909.0,2025-06-04,2025-08-03,6000.0,10454.5
79710676,4,19960,40156.9,2025-01-29,2025-09-20,4990.0,10039.225
79747505,2,11960,25916.6,2025-02-17,2025-06-17,5980.0,12958.3
79748321,5,35900,66561.4,2025-01-05,2025-09-17,7180.0,13312.279999999999
79971043,1,5580,4911.8,2025-01-22,2025-01-22,5580.0,4911.8
80091756,2,6200,5795.0,2025-04-01,2025-04-22,3100.0,2897.5
80225576,1,1360,3172.6,2025-08-22,2025-08-22,1360.0,3172.6
80262000,5,55500,131297.0,2025-04-12,2025-09-22,11100.0,26259.4
80289394,3,19740,40999.0,2025-03-11,2025-09-20,6580.0,13666.333333333334
80340504,2,9000,4911.0,2025-03-04,2025-08-01,4500.0,2455.5
80463441,1,7380,1364.0,2025-02-07,2025-02-07,7380.0,1364.0
80507859,2,7000,10248.0,2025-04-24,2025-06-09,3500.0,5124.0
80615239,4,19960,33718.0,2025-03-15,2025-09-07,4990.0,8429.5
80700206,2,5560,11926.4,2025-01-09,2025-06-17,2780.0,5963.2
80718283,2,15960,37001.4,2025-01-07,2025-03-03,7980.0,18500.7
80774380,3,7470,10510.6,2025-05-27,2025-08-24,2490.0,3503.5333333333333
80809032,2,4200,6861.0,2025-03-28,2025-04-24,2100.0,3430.5
80855016,6,35940,53117.1,2025-01-27,2025-09-12,5990.0,8852.85
81037751,1,6380,9986.8,2025-04-24,2025-04-24,6380.0,9986.8
81335479,2,4000,1744.0,2025-04-11,2025-08-04,2000.0,872.0
81535584,2,22200,19513.0,2025-01-22,2025-08-23,11100.0,9756.5
81628656,1,2700,-45.0,2025-09-04,2025-09-04,2700.0,-45.0
81808188,1,5980,16541.2,2025-02-17,2025-02-17,5980.0,16541.2
81893634,3,17940,11563.0,2025-04-05,2025-08-05,5980.0,3854.3333333333335
81961443,1,5580,6123.8,2025-02-07,2025-02-07,5580.0,6123.8
81977680,2,14760,38512.4,2025-04-05,2025-08-01,7380.0,19256.2
82137556,1,5990,-213.2,2025-02-22,2025-02-22,5990.0,-213.2
82355303,1,3380,6304.0,2025-07-16,2025-07-16,3380.0,6304.0
82438067,3,17940,36983.8,2025-01-10,2025-08-13,5980.0,12327.933333333334
82471173,5,15500,21057.0,2025-01-16,2025-09-08,3100.0,4211.4
82500306,4,22000,10661.0,2025-01-01,2025-09-11,5500.0,2665.25
82503737,6,20280,24997.8,2025-02-13,2025-09-27,3380.0,4166.3
82538041,2,11980,31861.9,2025-03-01,2025-04-17,5990.0,15930.95
82562635,1,2780,4620.4,2025-09-01,2025-09-01,2780.0,4620.4
82611352,4,13520,8314.4,2025-03-24,2025-09-27,3380.0,2078.6
82785519,1,2690,6334.3,2025-01-13,2025-01-13,2690.0,6334.3
82901378,3,9300,11212.0,2025-02-04,2025-08-08,3100.0,3737.3333333333335
83149727,6,35940,41982.8,2025-03-29,2025-07-04,5990.0,6997.133333333334
83393173,1,5990,16671.3,2025-05-23,2025-05-23,5990.0,16671.3
83447966,10,51800,70932.6,2025-01-10,2025-09-13,5180.0,7093.26
83514799,1,7180,18099.6,2025-09-24,2025-09-24,7180.0,18099.6
83601675,3,27540,11209.2,2025-01-24,2025-08-23,9180.0,3736.4
83675423,3,14970,17855.2,2025-05-07,2025-09-05,4990.0,5951.733333333334
83953719,4,27920,52609.6,2025-02-09,2025-07-29,6980.0,13152.4
83975242,1,5778,4871.32,2025-08-30,2025-08-30,5778.0,4871.32
84044517,1,2590,2210.6,2025-04-02,2025-04-02,2590.0,2210.6
84114415,3,9300,18195.0,2025-02-16,2025-04-22,3100.0,6065.0
84168282,1,3980,10588.8,2025-04-12,2025-04-12,3980.0,10588.8
84347936,2,6360,10568.0,2025-06-26,2025-09-14,3180.0,5284.0
84436404,4,44400,60551.0,2025-01-10,2025-09-28,11100.0,15137.75
84491869,2,6200,7927.0,2025-02-27,2025-06-29,3100.0,3963.5
84503528,4,22592,35048.44,2025-06-07,2025-08-25,5648.0,8762.11
84625234,4,12400,8451.0,2025-02-22,2025-08-12,3100.0,2112.75
84683767,3,33300,42826.0,2025-01-05,2025-06-16,11100.0,14275.333333333334
84738673,3,33000,78725.0,2025-05-20,2025-06-27,11000.0,26241.666666666668
84822158,5,27500,48211.0,2025-01-30,2025-09-15,5500.0,9642.2
84839270,1,2890,6805.1,2025-03-10,2025-03-10,2890.0,6805.1
84862533,6,45480,44582.4,2025-01-22,2025-06-25,7580.0,7430.400000000001
84863522,1,2460,6349.6,2025-09-02,2025-09-02,2460.0,6349.6
84867052,4,15920,18256.4,2025-02-07,2025-06-05,3980.0,4564.1
84867398,5,14900,14749.0,2025-03-04,2025-09-27,2980.0,2949.8
84888512,3,3750,2621.0,2025-02-07,2025-07-19,1250.0,873.6666666666666
84981649,3,8100,5500.0,2025-04-12,2025-08-20,2700.0,1833.3333333333333
85129002,2,9980,14082.7,2025-04-02,2025-06-28,4990.0,7041.35
85372595,3,7650,8289.5,2025-01-01,2025-04-01,2550.0,2763.1666666666665
85419196,2,1280,1231.2,2025-04-22,2025-05-02,640.0,615.6
85505511,4,8000,8413.0,2025-01-21,2025-04-10,2000.0,2103.25
85674888,1,1550,1163.0,2025-06-28,2025-06-28,1550.0,1163.0
85687791,4,23920,4244.2,2025-01-31,2025-06-07,5980.0,1061.05
85884486,5,32900,85266.0,2025-04-13,2025-09-03,6580.0,17053.2
85974412,1,5100,-183.0,2025-03-06,2025-03-06,5100.0,-183.0
86055495,2,10600,14309.0,2025-05-23,2025-08-21,5300.0,7154.5
86056168,4,44000,60016.0,2025-02-13,2025-08-11,11000.0,15004.0
86076744,3,2550,3526.0,2025-03-11,2025-05-31,850.0,1175.3333333333333
86078699,2,13160,29413.4,2025-04-02,2025-06-24,6580.0,14706.7
86131619,4,2560,722.0,2025-07-22,2025-09-04,640.0,180.5
86155356,2,13180,18680.1,2025-03-13,2025-04-26,6590.0,9340.05
86205843,1,5500,285.0,2025-08-12,2025-08-12,5500.0,285.0
86221208,5,32900,25294.6,2025-01-23,2025-08-14,6580.0,5058.92
86253551,3,10470,17449.7,2025-02-06,2025-08-12,3490.0,5816.566666666667
86313043,6,20940,22446.1,2025-03-21,2025-08-24,3490.0,3741.0166666666664
86731291,3,9300,7509.0,2025-01-09,2025-06-01,3100.0,2503.0
86731987,1,6000,16468.0,2025-02-22,2025-02-22,6000.0,16468.0
87233179,4,22000,35185.0,2025-02-20,2025-09-13,5500.0,8796.25
87335782,1,7990,15431.9,2025-07-07,2025-07-07,7990.0,15431.9
87448383,5,21500,29997.0,2025-03-25,2025-08-23,4300.0,5999.4
87521806,1,1290,3274.9,2025-01-02,2025-01-02,1290.0,3274.9
87660983,3,10140,13905.2,2025-03-05,2025-08-02,3380.0,4635.066666666667
87706785,2,6360,9811.8,2025-04-17,2025-05-03,3180.0,4905.9
87709977,4,22592,20428.32,2025-05-17,2025-05-30,5648.0,5107.08
87735808,1,7074,6506.04,2025-04-06,2025-04-06,7074.0,6506.04
87769242,1,3590,6219.1,2025-04-06,2025-04-06,3590.0,6219.1
87897147,2,5560,6992.4,2025-02-08,2025-07-10,2780.0,3496.2
87949160,4,11920,10378.6,2025-01-25,2025-09-04,2980.0,2594.65
88157875,6,31800,48292.0,2025-02-07,2025-07-30,5300.0,8048.666666666667
88223836,3,22500,15441.0,2025-03-04,2025-07-06,7500.0,5147.0
88322590,3,21540,22584.2,2025-07-04,2025-09-25,7180.0,7528.066666666667
88421485,3,12600,11330.0,2025-04-12,2025-05-17,4200.0,3776.6666666666665
88610207,3,30600,29538.0,2025-03-29,2025-09-18,10200.0,9846.0
88663806,7,7140,5679.2,2025-01-19,2025-07-26,1020.0,811.3142857142857
88973076,1,11732,11901.2,2025-07-23,2025-07-23,11732.0,11901.2
89402108,3,7650,9139.5,2025-02-03,2025-02-16,2550.0,3046.5
89421563,2,2640,2056.8,2025-02-10,2025-08-11,1320.0,1028.4
89459784,5,32900,23346.2,2025-02-12,2025-09-01,6580.0,4669.24
89466257,5,39140,36961.6,2025-02-06,2025-07-26,7828.0,7392.32
89551751,2,18360,944.8,2025-05-13,2025-09-17,9180.0,472.4
89677157,4,28720,61897.2,2025-02-28,2025-07-21,7180.0,15474.3
89828981,2,3780,3638.1,2025-05-26,2025-09-23,1890.0,1819.05
89899082,1,7828,630.64,2025-08-21,2025-08-21,7828.0,630.64
90003367,4,28720,58794.8,2025-04-17,2025-08-09,7180.0,14698.7
90338470,4,39920,55300.2,2025-01-02,2025-08-31,9980.0,13825.05
90424966,2,3100,-429.0,2025-01-15,2025-08-06,1550.0,-214.5
90900699,3,16500,22311.0,2025-01-07,2025-05-25,5500.0,7437.0
91076807,3,9270,7751.3,2025-01-18,2025-08-30,3090.0,2583.766666666667
91197986,4,12400,6229.0,2025-03-25,2025-09-21,3100.0,1557.25
91504638,3,27540,39977.8,2025-02-01,2025-04-06,9180.0,13325.933333333334
91512215,1,2490,203.0,2025-06-12,2025-06-12,2490.0,203.0
91524796,2,6760,14154.4,2025-04-06,2025-07-08,3380.0,7077.2
91561471,4,28000,39297.0,2025-01-02,2025-09-08,7000.0,9824.25
91592163,1,2580,84.0,2025-01-23,2025-01-23,2580.0,84.0
91669332,1,11990,12501.1,2025-04-03,2025-04-03,11990.0,12501.1
91756346,1,4000,6712.0,2025-03-14,2025-03-14,4000.0,6712.0
91756950,2,14360,21210.8,2025-03-19,2025-06-07,7180.0,10605.4
91763078,4,4320,4408.4,2025-01-20,2025-08-26,1080.0,1102.1
91781807,3,15900,20722.0,2025-03-30,2025-06-07,5300.0,6907.333333333333
91841741,3,22500,54852.0,2025-01-12,2025-09-27,7500.0,18284.0
91929436,2,5400,6590.0,2025-05-09,2025-05-12,2700.0,3295.0
91964708,4,9520,5358.6,2025-04-13,2025-08-18,2380.0,1339.65
91970108,1,9180,10020.2,2025-03-18,2025-03-18,9180.0,10020.2
92465778,2,19960,29252.2,2025-09-09,2025-09-21,9980.0,14626.1
92488093,2,10600,4565.0,2025-04-16,2025-08-27,5300.0,2282.5
92519435,1,5980,6772.0,2025-01-14,2025-01-14,5980.0,6772.0
92713858,4,8720,6385.0,2025-01-26,2025-08-12,2180.0,1596.25
92727952,2,5300,11904.0,2025-04-18,2025-05-17,2650.0,5952.0
92900294,1,11100,30700.0,2025-09-19,2025-09-19,11100.0,30700.0
93054617,2,5400,7011.0,2025-02-02,2025-07-21,2700.0,3505.5
93094444,5,14950,16131.9,2025-01-21,2025-06-29,2990.0,3226.38
93363944,4,2320,1858.8,2025-05-31,2025-07-31,580.0,464.7
93401890,1,2790,2485.8,2025-09-20,2025-09-20,2790.0,2485.8
93427155,1,3980,-55.6,2025-03-20,2025-03-20,3980.0,-55.6
93597618,1,5648,295.72,2025-06-14,2025-06-14,5648.0,295.72
93626225,10,99900,153404.3,2025-01-07,2025-09-27,9990.0,15340.429999999998
93760761,2,9960,16191.4,2025-02-17,2025-05-06,4980.0,8095.7
93873429,2,12000,18266.0,2025-05-19,2025-09-15,6000.0,9133.0
93887738,1,3490,3135.9,2025-05-20,2025-05-20,3490.0,3135.9
94015399,3,14940,5796.0,2025-02-16,2025-05-16,4980.0,1932.0
94113201,1,6180,9975.8,2025-09-24,2025-09-24,6180.0,9975.8
94336108,5,27900,24606.8,2025-01-02,2025-05-29,5580.0,4921.36
94453894,3,21900,21741.0,2025-05-21,2025-08-06,7300.0,7247.0
94463588,4,19920,34543.2,2025-03-01,2025-07-07,4980.0,8635.8
94632310,1,1160,32.4,2025-03-24,2025-03-24,1160.0,32.4
94780184,1,2900,2259.0,2025-01-08,2025-01-08,2900.0,2259.0
94803962,1,6180,10459.2,2025-01-13,2025-01-13,6180.0,10459.2
94828431,3,9540,11895.8,2025-01-02,2025-04-15,3180.0,3965.2666666666664
95054310,3,17340,22749.4,2025-03-04,2025-07-01,5780.0,7583.133333333334
95405398,3,6300,8508.0,2025-05-08,2025-09-16,2100.0,2836.0
95432311,2,9960,13105.8,2025-06-21,2025-09-04,4980.0,6552.9
95592350,3,33300,39955.0,2025-03-22,2025-07-11,11100.0,13318.333333333334
95754103,3,8940,15141.8,2025-03-02,2025-07-28,2980.0,5047.266666666666
95808454,4,14400,19471.0,2025-01-19,2025-06-19,3600.0,4867.75
95925500,1,5100,13770.0,2025-08-05,2025-08-05,5100.0,13770.0
96001367,2,13160,910.2,2025-06-29,2025-08-17,6580.0,455.1
96010532,3,7470,-239.9,2025-04-19,2025-07-21,2490.0,-79.96666666666667
96094802,3,4170,1459.9,2025-05-26,2025-09-01,1390.0,486.6333333333334
96125000,2,11120,13516.6,2025-06-19,2025-09-07,5560.0,6758.3
96240921,3,33300,78412.0,2025-01-06,2025-09-06,11100.0,26137.333333333332
96348851,2,22200,40114.0,2025-08-16,2025-08-26,11100.0,20057.0
96414579,2,7000,5184.0,2025-05-17,2025-06-09,3500.0,2592.0
96447831,4,27816,37562.1,2025-01-10,2025-06-25,6954.0,9390.525
96700442,3,22140,26160.4,2025-01-15,2025-04-11,7380.0,8720.133333333333
96712748,4,44400,69206.0,2025-05-31,2025-08-21,11100.0,17301.5
96808638,3,8799,14379.23,2025-03-03,2025-07-04,2933.0,4793.076666666667
96985825,4,12800,3703.0,2025-02-01,2025-08-22,3200.0,925.75
97009468,2,11160,17826.2,2025-03-09,2025-08-11,5580.0,8913.1
97043253,3,9300,10892.0,2025-02-16,2025-08-28,3100.0,3630.6666666666665
97371150,3,18000,22131.0,2025-03-21,2025-07-04,6000.0,7377.0
97446387,1,2780,6800.2,2025-08-28,2025-08-28,2780.0,6800.2
97578232,5,24900,44028.0,2025-01-03,2025-06-21,4980.0,8805.6
97679450,4,5360,11437.8,2025-01-03,2025-08-30,1340.0,2859.45
97750622,3,18300,15831.0,2025-04-28,2025-08-10,6100.0,5277.0
98269250,2,11160,16500.0,2025-03-16,2025-09-14,5580.0,8250.0
98423853,2,10600,14184.0,2025-01-06,2025-02-24,5300.0,7092.0
98454420,3,21540,28423.2,2025-02-07,2025-06-22,7180.0,9474.4
98575820,2,3600,1299.0,2025-08-26,2025-09-14,1800.0,649.5
98669896,1,2980,7269.2,2025-05-04,2025-05-04,2980.0,7269.2
98709059,2,5000,-11.0,2025-06-17,2025-08-26,2500.0,-5.5
98761418,2,6760,15518.4,2025-03-18,2025-06-10,3380.0,7759.2
98767142,3,16740,21605.8,2025-03-25,2025-07-21,5580.0,7201.933333333333
98799862,1,11100,11195.0,2025-07-15,2025-07-15,11100.0,11195.0
98875006,1,2500,4306.0,2025-05-16,2025-05-16,2500.0,4306.0
99198177,5,36500,54487.0,2025-05-02,2025-07-22,7300.0,10897.4
99230127,5,14900,15503.6,2025-01-07,2025-09-01,2980.0,3100.7200000000003
99235800,2,11960,11730.0,2025-01-06,2025-04-29,5980.0,5865.0
99447531,1,6580,16529.4,2025-08-05,2025-08-05,6580.0,16529.4
99453640,5,55500,45942.0,2025-01-25,2025-09-13,11100.0,9188.4
99733880,1,2980,2291.0,2025-03-08,2025-03-08,2980.0,2291.0
99772524,4,4400,7389.0,2025-02-03,2025-05-08,1100.0,1847.25
99926256,1,4980,8686.8,2025-01-06,2025-01-06,4980.0,8686.8
99962600,2,9980,8773.5,2025-01-10,2025-04-04,4990.0,4386.75
99973635,1,5980,91.6,2025-02-28,2025-02-28,5980.0,91.6
