revenue,orders,customers,aov,total_quantity,avg_items_per_order,total_profit,avg_profit_per_order,avg_margin,profitable_orders,profitable_orders_ratio,period
1349095,253,228,5332.391304347826,684,2.7035573122529644,2059366.85,8139.789920948617,0.7770107108668566,239,0.9409448818897638,2025-01
1237910,252,226,4912.341269841269,621,2.4642857142857144,1619339.52,6425.950476190476,0.7115475365565608,242,0.952755905511811,2025-02
1157706,245,218,4725.330612244898,622,2.5387755102040814,1639966.7399999998,6693.741795918367,0.7277546663228877,228,0.926829268292683,2025-03
1366788,279,240,4898.881720430108,671,2.4050179211469533,1732142.9,6208.397491039426,0.6832597151783043,255,0.9074733096085409,2025-04
1367920,267,214,5123.295880149813,702,2.6292134831460676,1940030.62,7266.032284644195,0.7575256527533208,252,0.9333333333333333,2025-05
1289929,261,232,4942.256704980843,624,2.3908045977011496,1664124.2,6375.95478927203,0.669594692193144,243,0.9310344827586207,2025-06
1275069,259,216,4923.046332046332,671,2.5907335907335907,1764154.52,6811.407413127413,0.7594234165892094,244,0.9348659003831418,2025-07
1358592,277,238,4904.6642599277975,661,2.3862815884476536,1579693.8,5702.86570397112,0.6890804733109815,259,0.9316546762589928,2025-08
1307714,261,222,5010.39846743295,685,2.624521072796935,1864459.12,7143.521532567051,0.7744837262701557,245,0.9386973180076629,2025-09
