sku,cv,xyz_class
AAA_Black_1577,1.6736249305514261,Z
AAA_Black_2640,1.21875,Z
AAA_Black_3318,1.6345871038277526,Z
AAA_Black_7462,1.5874507866387544,Z
AAA_Black_7725,1.4843473977582988,Z
AAA_Black_9253,1.1858541225631425,Z
AAA_Black_9470,1.7928429140015907,Z
AAA_Blue_3988,1.6431676725154982,Z
AAA_Blue_4139,1.5811388300841898,Z
AAA_Blue_8334,1.875,Z
AAA_Clear_1693,1.6345871038277526,Z
AAA_Clear_6277,1.0392304845413263,Z
AAA_Clear_6434,1.5874507866387544,Z
AAA_Clear_7073,1.2046507510281406,Z
AAA_Green_1858,1.5347536447260846,Z
AAA_Green_1908,1.7286645857424165,Z
AAA_Green_2528,1.153846153846154,Z
AAA_Green_4817,1.5811388300841898,Z
AAA_Green_5033,1.699721522614181,Z
AAA_Green_6938,1.518481189862733,Z
AAA_Green_7796,1.7286645857424165,Z
AAA_Green_9615,1.7320508075688772,Z
AAA_Pink_1311,1.5223337347638328,Z
AAA_Pink_2294,1.243734296383275,Z
AAA_Pink_7909,1.7928429140015907,Z
AAA_Pink_9594,1.7928429140015907,Z
AAA_Purple_3038,1.8027756377319946,Z
AAA_Purple_3049,1.5874507866387544,Z
AAA_Purple_3399,0.7605589428059087,Z
AAA_Purple_3646,1.518481189862733,Z
AAA_Purple_4611,1.5,Z
AAA_Purple_5764,1.4361406616345072,Z
AAA_Purple_7609,1.6770509831248424,Z
AAA_Purple_7824,2.0,Z
AAA_Purple_8362,1.4142135623730951,Z
AAA_Purple_8645,1.118033988749895,Z
AAA_Red_5295,1.6770509831248424,Z
AAA_Red_7612,1.6249602665199523,Z
AAA_Red_7992,1.307669683062202,Z
AAA_Red_8534,1.3714442660932307,Z
AAA_Red_8661,1.2278029157808674,Z
AAA_Titanium_1682,1.4553913777743774,Z
AAA_Titanium_4017,1.6736249305514261,Z
AAA_Titanium_8848,1.5347536447260846,Z
AAA_Titanium_9034,1.403121520040228,Z
AAA_White_1844,1.2533977489846402,Z
AAA_White_3643,1.3034491136353326,Z
AAA_White_5168,1.6770509831248424,Z
AAA_White_5701,1.307669683062202,Z
AAA_White_9065,2.0194368026754392,Z
BBB_Black_7214,1.6770509831248424,Z
BBB_Black_8066,1.518481189862733,Z
BBB_Black_9198,1.5874507866387542,Z
BBB_Black_9984,1.3228756555322954,Z
BBB_Blue_2666,1.4279574573494829,Z
BBB_Blue_5153,1.6345871038277529,Z
BBB_Blue_8197,1.3125000000000002,Z
BBB_Blue_8761,0.9656086163658648,Z
BBB_Blue_9580,1.236931687685298,Z
BBB_Clear_5381,0.9949874371066199,Z
BBB_Clear_5799,1.7928429140015907,Z
BBB_Clear_6099,1.5874507866387544,Z
BBB_Clear_6703,1.2533977489846402,Z
BBB_Green_2236,0.8684210526315789,Z
BBB_Green_4107,1.3416407864998738,Z
BBB_Green_4942,1.984313483298443,Z
BBB_Green_8505,1.1409000361828303,Z
BBB_Green_9675,1.6102091284985316,Z
BBB_Pink_3387,1.5874507866387544,Z
BBB_Pink_5147,1.522333734763833,Z
BBB_Pink_5852,1.3456042834258386,Z
BBB_Pink_7897,1.7248787237282068,Z
BBB_Purple_1482,1.1858541225631425,Z
BBB_Purple_4146,1.2792042981336624,Z
BBB_Red_1893,1.5,Z
BBB_Red_2345,1.352081728298996,Z
BBB_Red_6872,1.5347536447260846,Z
BBB_Red_7058,1.2046507510281403,Z
BBB_Red_7529,1.6736249305514261,Z
BBB_Titanium_5322,1.7286645857424165,Z
BBB_Titanium_5485,1.307669683062202,Z
BBB_Titanium_6310,1.2727922061357855,Z
BBB_White_1747,1.3456042834258386,Z
BBB_White_2474,1.7248787237282068,Z
BBB_White_3663,1.3430260638812868,Z
BBB_White_4633,1.243734296383275,Z
BBB_White_5235,1.572622172000563,Z
BBB_White_7079,1.5452362609131383,Z
CCC_Black_1999,1.5452362609131383,Z
CCC_Black_2080,1.7928429140015907,Z
CCC_Black_6996,1.984313483298443,Z
CCC_Black_7296,1.5347536447260846,Z
CCC_Black_8407,1.14090003618283,Z
CCC_Blue_2528,1.7286645857424165,Z
CCC_Blue_3473,1.5874507866387544,Z
CCC_Blue_3895,1.4051653980647145,Z
CCC_Blue_4419,1.909090909090909,Z
CCC_Blue_4612,1.2074386788840692,Z
CCC_Blue_6413,1.7928429140015907,Z
CCC_Blue_8291,1.5452362609131383,Z
CCC_Clear_1274,1.25,Z
CCC_Clear_2175,1.5,Z
CCC_Clear_4480,1.307669683062202,Z
CCC_Clear_4692,1.6736249305514261,Z
CCC_Clear_6193,2.0,Z
CCC_Clear_8930,1.5223337347638328,Z
CCC_Clear_9381,1.3456042834258386,Z
CCC_Green_1403,1.0606601717798214,Z
CCC_Green_2534,1.6345871038277526,Z
CCC_Green_3542,1.2278029157808674,Z
CCC_Green_3802,1.307669683062202,Z
CCC_Green_6440,1.6770509831248424,Z
CCC_Green_7276,1.518481189862733,Z
CCC_Green_7311,1.224744871391589,Z
CCC_Green_7884,1.5223337347638328,Z
CCC_Pink_2372,1.5,Z
CCC_Pink_6619,1.7320508075688772,Z
CCC_Pink_7226,1.2074386788840692,Z
CCC_Pink_8383,1.5603109666024912,Z
CCC_Pink_8919,1.5811388300841898,Z
CCC_Pink_9680,1.518481189862733,Z
CCC_Purple_4954,1.243734296383275,Z
CCC_Purple_7445,1.3456042834258386,Z
CCC_Purple_8847,1.7684739183827394,Z
CCC_Purple_9600,1.511435997821345,Z
CCC_Purple_9765,1.3003185772597667,Z
CCC_Red_5609,1.2278029157808674,Z
CCC_Red_6375,1.74928556845359,Z
CCC_Red_7696,1.4142135623730951,Z
CCC_Titanium_2027,1.7928429140015907,Z
CCC_Titanium_4827,1.6736249305514261,Z
CCC_Titanium_5503,1.4414597193293262,Z
CCC_Titanium_6837,1.5452362609131383,Z
CCC_Titanium_7668,1.254059153254579,Z
CCC_White_2543,1.4731321540158122,Z
CCC_White_6266,1.254059153254579,Z
DDD_Black_1564,1.824828759089466,Z
DDD_Black_1710,1.5347536447260846,Z
DDD_Black_2486,0.9486832980505138,Z
DDD_Black_2968,0.8351646544245033,Z
DDD_Black_4197,1.6770509831248424,Z
DDD_Black_8635,1.2120265114521256,Z
DDD_Black_9724,1.5,Z
DDD_Blue_3042,1.8493242008906927,Z
DDD_Blue_4543,1.7928429140015907,Z
DDD_Blue_7114,1.3125000000000002,Z
DDD_Blue_9263,1.572622172000563,Z
DDD_Clear_1598,1.224744871391589,Z
DDD_Clear_6349,1.5874507866387544,Z
DDD_Clear_8095,1.5874507866387544,Z
DDD_Clear_9288,1.5874507866387544,Z
DDD_Green_2949,1.5874507866387544,Z
DDD_Green_6168,1.984313483298443,Z
DDD_Green_6347,1.7928429140015907,Z
DDD_Green_8043,1.824828759089466,Z
DDD_Green_9078,2.1560984046602583,Z
DDD_Pink_8616,1.7684739183827394,Z
DDD_Purple_3955,2.1104695289563082,Z
DDD_Purple_4347,1.9307539073863282,Z
DDD_Purple_5314,1.1858541225631425,Z
DDD_Purple_7099,1.6345871038277526,Z
DDD_Red_2385,1.7320508075688772,Z
DDD_Red_2755,1.824828759089466,Z
DDD_Red_3932,1.6345871038277526,Z
DDD_Red_7490,0.9858465859981766,Z
DDD_Titanium_1174,1.6345871038277526,Z
DDD_Titanium_2057,1.518481189862733,Z
DDD_Titanium_2708,1.7286645857424165,Z
DDD_Titanium_3655,1.5811388300841898,Z
DDD_Titanium_4062,1.518481189862733,Z
DDD_Titanium_5938,1.2494896917525644,Z
DDD_Titanium_6156,1.697056274847714,Z
DDD_Titanium_6448,1.5811388300841898,Z
DDD_Titanium_7441,1.438749456993816,Z
DDD_White_1350,1.7928429140015907,Z
DDD_White_3845,1.6770509831248424,Z
DDD_White_5541,1.282011968547876,Z
DDD_White_5998,1.6770509831248424,Z
DDD_White_7187,1.6736249305514261,Z
DDD_White_8101,1.7928429140015907,Z
DDD_White_8173,1.5811388300841898,Z
DDD_White_9135,1.4039495646800453,Z
EEE_Black_1662,1.5,Z
EEE_Black_2767,1.572622172000563,Z
EEE_Black_4856,1.5811388300841898,Z
EEE_Black_5621,1.7320508075688772,Z
EEE_Black_5749,1.7684739183827394,Z
EEE_Black_7932,1.5,Z
EEE_Blue_1505,1.6736249305514261,Z
EEE_Blue_3320,1.518481189862733,Z
EEE_Blue_5688,1.5223337347638328,Z
EEE_Blue_5790,1.044852131323548,Z
EEE_Blue_6964,1.352081728298996,Z
EEE_Blue_7850,1.7346111205814894,Z
EEE_Blue_8965,1.9315453261414228,Z
EEE_Clear_2689,1.5811388300841898,Z
EEE_Clear_4552,1.5347536447260846,Z
EEE_Clear_6744,1.1224972160321824,Z
EEE_Clear_8415,1.6345871038277526,Z
EEE_Green_1464,1.290170847727746,Z
EEE_Green_3323,1.6770509831248424,Z
EEE_Green_8714,1.5811388300841898,Z
EEE_Green_9742,1.7286645857424165,Z
EEE_Green_9795,1.6770509831248424,Z
EEE_Pink_1003,1.4051653980647145,Z
EEE_Pink_2728,1.7320508075688772,Z
EEE_Pink_4218,1.984313483298443,Z
EEE_Pink_5016,1.875,Z
EEE_Pink_8103,1.7928429140015907,Z
EEE_Purple_1098,1.909090909090909,Z
EEE_Purple_1729,1.3867264981325038,Z
EEE_Purple_3010,1.6770509831248424,Z
EEE_Purple_3803,1.0714285714285714,Z
EEE_Purple_5001,1.4279574573494829,Z
EEE_Purple_6829,1.824828759089466,Z
EEE_Purple_9330,1.824828759089466,Z
EEE_Purple_9678,1.6770509831248424,Z
EEE_Red_1730,1.7928429140015907,Z
EEE_Red_3557,1.352081728298996,Z
EEE_Red_4134,1.382931668593933,Z
EEE_Red_4358,1.984313483298443,Z
EEE_Red_7366,1.5811388300841898,Z
EEE_Red_8950,1.522333734763833,Z
EEE_Red_9020,1.6736249305514261,Z
EEE_Titanium_2576,1.8395078315951796,Z
EEE_Titanium_3108,1.6500000000000001,Z
EEE_Titanium_6892,1.7984368212422701,Z
EEE_Titanium_7662,1.9485571585149875,Z
EEE_White_2537,1.3125000000000002,Z
EEE_White_3357,1.3125000000000002,Z
EEE_White_9532,1.5811388300841898,Z
FFF_Black_3829,1.877294514421632,Z
FFF_Blue_2457,1.5347536447260846,Z
FFF_Blue_4146,1.5347536447260846,Z
FFF_Blue_7386,1.4414597193293262,Z
FFF_Blue_7389,1.4387494569938157,Z
FFF_Blue_9955,2.210592397978424,Z
FFF_Clear_1236,1.5223337347638328,Z
FFF_Clear_2774,1.0714285714285714,Z
FFF_Clear_3735,1.902917168454791,Z
FFF_Clear_4303,1.0,Z
FFF_Clear_6850,1.5811388300841898,Z
FFF_Clear_7187,1.984313483298443,Z
FFF_Clear_9481,1.65860681371445,Z
FFF_Green_1065,1.7320508075688772,Z
FFF_Green_1588,1.3829316685939328,Z
FFF_Green_1597,1.5347536447260846,Z
FFF_Green_5531,1.299038105676658,Z
FFF_Green_6760,1.1423659658795862,Z
FFF_Pink_7016,1.2046507510281403,Z
FFF_Purple_2135,1.5523412362008124,Z
FFF_Purple_3751,1.5452362609131383,Z
FFF_Purple_4867,1.5,Z
FFF_Purple_6937,1.8493242008906927,Z
FFF_Purple_7037,1.522333734763833,Z
FFF_Purple_8560,1.4142135623730951,Z
FFF_Purple_9236,1.984313483298443,Z
FFF_Purple_9422,0.9486832980505138,Z
FFF_Red_3712,1.1186042688118447,Z
FFF_Red_4364,1.0714285714285714,Z
FFF_Red_8076,1.1858541225631425,Z
FFF_Titanium_1292,1.4051653980647145,Z
FFF_Titanium_1822,1.3490532229448733,Z
FFF_Titanium_1848,1.1171601832324676,Z
FFF_Titanium_2565,1.5874507866387544,Z
FFF_Titanium_4702,1.984313483298443,Z
FFF_White_2222,1.6770509831248424,Z
FFF_White_7199,1.5874507866387544,Z
FFF_White_7505,1.4523687548277815,Z
FFF_White_8621,1.7248787237282068,Z
GGG_Black_4469,1.5874507866387544,Z
GGG_Black_4596,1.307669683062202,Z
GGG_Black_5712,1.21875,Z
GGG_Blue_2566,1.7928429140015907,Z
GGG_Blue_2701,1.7286645857424165,Z
GGG_Blue_3878,1.6345871038277526,Z
GGG_Blue_5870,1.0738365797457265,Z
GGG_Blue_6871,1.0606601717798214,Z
GGG_Blue_7759,1.2,Z
GGG_Blue_8476,1.2046507510281403,Z
GGG_Blue_9644,1.2533977489846402,Z
GGG_Clear_8073,1.5811388300841898,Z
GGG_Clear_8444,0.9749999999999999,Z
GGG_Clear_9401,1.8027756377319946,Z
GGG_Green_2022,1.7286645857424165,Z
GGG_Green_3846,1.6345871038277526,Z
GGG_Green_8385,1.2278029157808674,Z
GGG_Green_9259,1.7928429140015907,Z
GGG_Green_9626,1.3679084287289685,Z
GGG_Pink_1622,1.4039495646800455,Z
GGG_Pink_1893,1.2278029157808674,Z
GGG_Pink_3942,1.352081728298996,Z
GGG_Pink_4591,1.7346111205814894,Z
GGG_Pink_5430,1.3679084287289685,Z
GGG_Pink_5720,1.984313483298443,Z
GGG_Pink_7385,1.5452362609131383,Z
GGG_Purple_1694,1.6345871038277526,Z
GGG_Purple_2856,1.6345871038277526,Z
GGG_Purple_5307,1.7346111205814894,Z
GGG_Purple_5633,2.1104695289563082,Z
GGG_Purple_7302,1.7042114700628783,Z
GGG_Red_1294,1.6102091284985316,Z
GGG_Red_6138,1.7684739183827394,Z
GGG_Red_7442,1.824828759089466,Z
GGG_Titanium_3952,1.3829316685939332,Z
GGG_Titanium_4026,1.5461646096066228,Z
GGG_Titanium_8096,1.7928429140015907,Z
GGG_White_4695,1.824828759089466,Z
GGG_White_8463,1.6736249305514261,Z
GGG_White_9632,1.5811388300841898,Z
HHH_Black_4225,1.5811388300841898,Z
HHH_Black_6852,1.5,Z
HHH_Black_6946,1.5,Z
HHH_Black_7583,1.7928429140015907,Z
HHH_Black_7735,1.290170847727746,Z
HHH_Black_7854,1.7286645857424165,Z
HHH_Black_8961,1.6345871038277526,Z
HHH_Black_9412,1.6345871038277526,Z
HHH_Black_9830,1.7928429140015907,Z
HHH_Blue_2524,1.6736249305514261,Z
HHH_Blue_4428,1.0220777158038703,Z
HHH_Blue_6949,1.5874507866387544,Z
HHH_Clear_2252,1.7684739183827394,Z
HHH_Clear_2518,1.2792042981336624,Z
HHH_Clear_2719,1.7286645857424165,Z
HHH_Clear_5825,0.7261843774138907,Z
HHH_Green_1705,1.307669683062202,Z
HHH_Green_6711,1.0392304845413263,Z
HHH_Green_9565,1.864744681524183,Z
HHH_Pink_2327,1.037346112212187,Z
HHH_Pink_5740,1.4051653980647145,Z
HHH_Pink_7554,1.0,Z
HHH_Pink_9568,1.5874507866387544,Z
HHH_Purple_1302,1.6770509831248424,Z
HHH_Purple_2504,1.307669683062202,Z
HHH_Purple_2910,1.3456042834258386,Z
HHH_Purple_3039,1.7320508075688772,Z
HHH_Purple_5299,1.2533977489846402,Z
HHH_Purple_7702,1.5,Z
HHH_Purple_9148,1.518481189862733,Z
HHH_Red_1115,1.9364916731037085,Z
HHH_Red_3772,2.210592397978424,Z
HHH_Red_4713,1.3228756555322954,Z
HHH_Red_6449,1.4051653980647145,Z
HHH_Red_7905,1.7286645857424165,Z
HHH_Red_8358,1.5223337347638328,Z
HHH_Titanium_2358,1.6345871038277526,Z
HHH_Titanium_2410,1.824828759089466,Z
HHH_Titanium_2914,1.8248287590894656,Z
HHH_Titanium_5260,1.6345871038277526,Z
HHH_Titanium_9363,1.0060371397933572,Z
HHH_White_4631,1.824828759089466,Z
HHH_White_5225,1.6345871038277526,Z
AAA_Black_1398,1.0,Z
AAA_Black_1627,1.0,Z
AAA_Black_2294,1.0,Z
AAA_Black_2397,1.0,Z
AAA_Black_2871,1.0,Z
AAA_Black_3015,1.0,Z
AAA_Black_7343,1.0,Z
AAA_Black_7840,1.0,Z
AAA_Black_9206,1.0,Z
AAA_Black_9762,1.0,Z
AAA_Blue_2952,1.0,Z
AAA_Blue_3186,1.0,Z
AAA_Blue_6496,1.0,Z
AAA_Blue_6809,1.0,Z
AAA_Blue_9137,1.0,Z
AAA_Blue_9288,1.0,Z
AAA_Blue_9495,1.0,Z
AAA_Clear_3473,1.0,Z
AAA_Clear_9841,1.0,Z
AAA_Clear_9962,1.0,Z
AAA_Green_3407,1.0,Z
AAA_Green_5116,1.0,Z
AAA_Green_8877,1.0,Z
AAA_Green_9617,1.0,Z
AAA_Green_9915,1.0,Z
AAA_Pink_1762,1.0,Z
AAA_Pink_2206,1.0,Z
AAA_Pink_2773,1.0,Z
AAA_Pink_4756,1.0,Z
AAA_Pink_4930,1.0,Z
AAA_Pink_5172,1.0,Z
AAA_Pink_5462,1.0,Z
AAA_Pink_6484,1.0,Z
AAA_Pink_6723,1.0,Z
AAA_Pink_8879,1.0,Z
AAA_Purple_1560,1.0,Z
AAA_Purple_1838,1.0,Z
AAA_Purple_2792,1.0,Z
AAA_Purple_3253,1.0,Z
AAA_Purple_3401,1.0,Z
AAA_Purple_5605,1.0,Z
AAA_Purple_5672,1.0,Z
AAA_Purple_7596,1.0,Z
AAA_Purple_8747,1.0,Z
AAA_Red_6276,1.0,Z
AAA_Red_7044,1.0,Z
AAA_Red_8375,1.0,Z
AAA_Red_9393,1.0,Z
AAA_Red_9681,1.0,Z
AAA_Titanium_1777,1.0,Z
AAA_Titanium_6208,1.0,Z
AAA_Titanium_6370,1.0,Z
AAA_Titanium_7478,1.0,Z
AAA_Titanium_7555,1.0,Z
AAA_Titanium_8916,1.0,Z
AAA_Titanium_9014,1.0,Z
AAA_White_3056,1.0,Z
AAA_White_3239,1.0,Z
AAA_White_4047,1.0,Z
AAA_White_4614,1.0,Z
AAA_White_5001,1.0,Z
AAA_White_5438,1.0,Z
AAA_White_5914,1.0,Z
AAA_White_6767,1.0,Z
AAA_White_7977,1.0,Z
AAA_White_8136,1.0,Z
AAA_White_9755,1.0,Z
BBB_Black_2129,1.0,Z
BBB_Black_3665,1.0,Z
BBB_Black_4746,1.0,Z
BBB_Black_4989,1.0,Z
BBB_Black_5404,1.0,Z
BBB_Black_6019,1.0,Z
BBB_Black_7878,1.0,Z
BBB_Black_9217,1.0,Z
BBB_Blue_2694,1.0,Z
BBB_Blue_5229,1.0,Z
BBB_Blue_6933,1.0,Z
BBB_Blue_7291,1.0,Z
BBB_Blue_8050,1.0,Z
BBB_Blue_9621,1.0,Z
BBB_Clear_1364,1.0,Z
BBB_Clear_1569,1.0,Z
BBB_Clear_1709,1.0,Z
BBB_Clear_1809,1.0,Z
BBB_Clear_2976,1.0,Z
BBB_Clear_3805,1.0,Z
BBB_Clear_6493,1.0,Z
BBB_Clear_9485,1.0,Z
BBB_Green_3184,1.0,Z
BBB_Green_4467,1.0,Z
BBB_Green_5708,1.0,Z
BBB_Green_6494,1.0,Z
BBB_Green_6613,1.0,Z
BBB_Green_7079,1.0,Z
BBB_Pink_2708,1.0,Z
BBB_Pink_3494,1.0,Z
BBB_Pink_3586,1.0,Z
BBB_Pink_4023,1.0,Z
BBB_Pink_6613,1.0,Z
BBB_Pink_6893,1.0,Z
BBB_Pink_7223,1.0,Z
BBB_Pink_8845,1.0,Z
BBB_Pink_9025,1.0,Z
BBB_Pink_9074,1.0,Z
BBB_Pink_9156,1.0,Z
BBB_Purple_1296,1.0,Z
BBB_Purple_2912,1.0,Z
BBB_Purple_6571,1.0,Z
BBB_Purple_8018,1.0,Z
BBB_Purple_8101,1.0,Z
BBB_Purple_8946,1.0,Z
BBB_Red_2622,1.0,Z
BBB_Red_3217,1.0,Z
BBB_Red_3847,1.0,Z
BBB_Red_4497,1.0,Z
BBB_Red_4612,1.0,Z
BBB_Red_5004,1.0,Z
BBB_Red_5304,1.0,Z
BBB_Red_9074,1.0,Z
BBB_Titanium_2456,1.0,Z
BBB_Titanium_3592,1.0,Z
BBB_Titanium_4146,1.0,Z
BBB_Titanium_6217,1.0,Z
BBB_Titanium_7452,1.0,Z
BBB_Titanium_8654,1.0,Z
BBB_Titanium_9028,1.0,Z
BBB_White_3471,1.0,Z
BBB_White_3695,1.0,Z
BBB_White_6972,1.0,Z
BBB_White_7075,1.0,Z
CCC_Black_1285,1.0,Z
CCC_Black_9304,1.0,Z
CCC_Black_9622,1.0,Z
CCC_Blue_1631,1.0,Z
CCC_Blue_5038,1.0,Z
CCC_Blue_5856,1.0,Z
CCC_Blue_5972,1.0,Z
CCC_Blue_6685,1.0,Z
CCC_Blue_6920,1.0,Z
CCC_Blue_7273,1.0,Z
CCC_Blue_8287,1.0,Z
CCC_Clear_1118,1.0,Z
CCC_Clear_3162,1.0,Z
CCC_Clear_4137,1.0,Z
CCC_Clear_4340,1.0,Z
CCC_Clear_6860,1.0,Z
CCC_Clear_7128,1.0,Z
CCC_Green_2906,1.0,Z
CCC_Green_2957,1.0,Z
CCC_Green_3365,1.0,Z
CCC_Green_3664,1.0,Z
CCC_Green_3835,1.0,Z
CCC_Green_4282,1.0,Z
CCC_Green_5247,1.0,Z
CCC_Green_5342,1.0,Z
CCC_Green_5742,1.0,Z
CCC_Green_8093,1.0,Z
CCC_Green_8669,1.0,Z
CCC_Green_8797,1.0,Z
CCC_Green_9087,1.0,Z
CCC_Pink_4994,1.0,Z
CCC_Pink_5146,1.0,Z
CCC_Pink_6473,1.0,Z
CCC_Pink_7762,1.0,Z
CCC_Pink_8696,1.0,Z
CCC_Pink_9065,1.0,Z
CCC_Purple_3517,1.0,Z
CCC_Purple_8000,1.0,Z
CCC_Purple_9225,1.0,Z
CCC_Red_1845,1.0,Z
CCC_Red_2568,1.0,Z
CCC_Red_3462,1.0,Z
CCC_Red_5645,1.0,Z
CCC_Red_8685,1.0,Z
CCC_Red_9477,1.0,Z
CCC_Titanium_1713,1.0,Z
CCC_Titanium_2771,1.0,Z
CCC_Titanium_4186,1.0,Z
CCC_Titanium_4802,1.0,Z
CCC_Titanium_5561,1.0,Z
CCC_Titanium_5935,1.0,Z
CCC_Titanium_7137,1.0,Z
CCC_Titanium_7564,1.0,Z
CCC_Titanium_7873,1.0,Z
CCC_Titanium_8246,1.0,Z
CCC_Titanium_8586,1.0,Z
CCC_Titanium_9375,1.0,Z
CCC_Titanium_9741,1.0,Z
CCC_White_3332,1.0,Z
CCC_White_6006,1.0,Z
CCC_White_6197,1.0,Z
CCC_White_6356,1.0,Z
CCC_White_6545,1.0,Z
CCC_White_7349,1.0,Z
CCC_White_7695,1.0,Z
CCC_White_9014,1.0,Z
DDD_Black_1495,1.0,Z
DDD_Black_1765,1.0,Z
DDD_Blue_1270,1.0,Z
DDD_Blue_1722,1.0,Z
DDD_Blue_3072,1.0,Z
DDD_Blue_3167,1.0,Z
DDD_Blue_4643,1.0,Z
DDD_Blue_4861,1.0,Z
DDD_Blue_6449,1.0,Z
DDD_Blue_6662,1.0,Z
DDD_Blue_8330,1.0,Z
DDD_Blue_8362,1.0,Z
DDD_Clear_2056,1.0,Z
DDD_Clear_5170,1.0,Z
DDD_Clear_5853,1.0,Z
DDD_Clear_6069,1.0,Z
DDD_Clear_7450,1.0,Z
DDD_Clear_8430,1.0,Z
DDD_Green_2563,1.0,Z
DDD_Green_2659,1.0,Z
DDD_Green_2791,1.0,Z
DDD_Green_4790,1.0,Z
DDD_Green_9674,1.0,Z
DDD_Green_9844,1.0,Z
DDD_Pink_2219,1.0,Z
DDD_Pink_4647,1.0,Z
DDD_Pink_4683,1.0,Z
DDD_Pink_5120,1.0,Z
DDD_Pink_5595,1.0,Z
DDD_Pink_7994,1.0,Z
DDD_Purple_2787,1.0,Z
DDD_Purple_3677,1.0,Z
DDD_Purple_3766,1.0,Z
DDD_Purple_9858,1.0,Z
DDD_Red_1755,1.0,Z
DDD_Red_2803,1.0,Z
DDD_Red_2976,1.0,Z
DDD_Red_4608,1.0,Z
DDD_Titanium_1016,1.0,Z
DDD_Titanium_6779,1.0,Z
DDD_Titanium_7638,1.0,Z
DDD_Titanium_8491,1.0,Z
DDD_White_2968,1.0,Z
DDD_White_3168,1.0,Z
DDD_White_9097,1.0,Z
EEE_Black_2069,1.0,Z
EEE_Black_2185,1.0,Z
EEE_Black_2283,1.0,Z
EEE_Black_2399,1.0,Z
EEE_Black_2674,1.0,Z
EEE_Black_4149,1.0,Z
EEE_Black_4500,1.0,Z
EEE_Black_5363,1.0,Z
EEE_Black_6295,1.0,Z
EEE_Black_8254,1.0,Z
EEE_Black_9568,1.0,Z
EEE_Blue_2638,1.0,Z
EEE_Blue_2822,1.0,Z
EEE_Blue_2874,1.0,Z
EEE_Blue_6146,1.0,Z
EEE_Blue_8087,1.0,Z
EEE_Blue_8678,1.0,Z
EEE_Clear_2483,1.0,Z
EEE_Clear_3113,1.0,Z
EEE_Clear_3126,1.0,Z
EEE_Clear_4786,1.0,Z
EEE_Clear_5090,1.0,Z
EEE_Clear_8006,1.0,Z
EEE_Clear_8396,1.0,Z
EEE_Green_1339,1.0,Z
EEE_Green_2359,1.0,Z
EEE_Green_4071,1.0,Z
EEE_Green_5799,1.0,Z
EEE_Green_6626,1.0,Z
EEE_Green_6861,1.0,Z
EEE_Green_7533,1.0,Z
EEE_Green_7826,1.0,Z
EEE_Green_9886,1.0,Z
EEE_Pink_1004,1.0,Z
EEE_Pink_1140,1.0,Z
EEE_Pink_1768,1.0,Z
EEE_Pink_4192,1.0,Z
EEE_Pink_4898,1.0,Z
EEE_Pink_6948,1.0,Z
EEE_Pink_7010,1.0,Z
EEE_Pink_8352,1.0,Z
EEE_Purple_2309,1.0,Z
EEE_Purple_4363,1.0,Z
EEE_Purple_4483,1.0,Z
EEE_Purple_4956,1.0,Z
EEE_Purple_6689,1.0,Z
EEE_Purple_7709,1.0,Z
EEE_Purple_8672,1.0,Z
EEE_Purple_9341,1.0,Z
EEE_Red_3383,1.0,Z
EEE_Red_5832,1.0,Z
EEE_Red_9650,1.0,Z
EEE_Titanium_3814,1.0,Z
EEE_Titanium_5854,1.0,Z
EEE_Titanium_6804,1.0,Z
EEE_Titanium_7354,1.0,Z
EEE_Titanium_7841,1.0,Z
EEE_White_1885,1.0,Z
EEE_White_3455,1.0,Z
EEE_White_4091,1.0,Z
EEE_White_5636,1.0,Z
EEE_White_7896,1.0,Z
EEE_White_7899,1.0,Z
FFF_Black_2193,1.0,Z
FFF_Black_2376,1.0,Z
FFF_Black_3652,1.0,Z
FFF_Black_4039,1.0,Z
FFF_Black_7791,1.0,Z
FFF_Black_8837,1.0,Z
FFF_Blue_2194,1.0,Z
FFF_Blue_3236,1.0,Z
FFF_Blue_3894,1.0,Z
FFF_Blue_4443,1.0,Z
FFF_Blue_7743,1.0,Z
FFF_Blue_9107,1.0,Z
FFF_Clear_1289,1.0,Z
FFF_Clear_3563,1.0,Z
FFF_Clear_6174,1.0,Z
FFF_Clear_7965,1.0,Z
FFF_Clear_8370,1.0,Z
FFF_Clear_9181,1.0,Z
FFF_Clear_9409,1.0,Z
FFF_Clear_9868,1.0,Z
FFF_Green_2714,1.0,Z
FFF_Green_3427,1.0,Z
FFF_Green_4430,1.0,Z
FFF_Green_5405,1.0,Z
FFF_Green_7357,1.0,Z
FFF_Green_9000,1.0,Z
FFF_Green_9068,1.0,Z
FFF_Green_9071,1.0,Z
FFF_Green_9273,1.0,Z
FFF_Pink_3549,1.0,Z
FFF_Pink_5900,1.0,Z
FFF_Pink_6385,1.0,Z
FFF_Pink_8619,1.0,Z
FFF_Purple_2971,1.0,Z
FFF_Purple_3823,1.0,Z
FFF_Purple_3886,1.0,Z
FFF_Purple_6666,1.0,Z
FFF_Purple_7592,1.0,Z
FFF_Purple_8028,1.0,Z
FFF_Purple_9353,1.0,Z
FFF_Red_1714,1.0,Z
FFF_Red_4458,1.0,Z
FFF_Red_4784,1.0,Z
FFF_Red_5929,1.0,Z
FFF_Red_7430,1.0,Z
FFF_Red_8901,1.0,Z
FFF_Titanium_2399,1.0,Z
FFF_Titanium_3323,1.0,Z
FFF_Titanium_5998,1.0,Z
FFF_Titanium_6126,1.0,Z
FFF_Titanium_8411,1.0,Z
FFF_Titanium_8810,1.0,Z
FFF_Titanium_8960,1.0,Z
FFF_Titanium_9574,1.0,Z
FFF_White_2354,1.0,Z
FFF_White_5263,1.0,Z
FFF_White_9121,1.0,Z
GGG_Black_1389,1.0,Z
GGG_Black_5174,1.0,Z
GGG_Black_5293,1.0,Z
GGG_Black_5356,1.0,Z
GGG_Black_5508,1.0,Z
GGG_Black_5739,1.0,Z
GGG_Black_6808,1.0,Z
GGG_Black_8879,1.0,Z
GGG_Black_9644,1.0,Z
GGG_Blue_1183,1.0,Z
GGG_Blue_2162,1.0,Z
GGG_Blue_2602,1.0,Z
GGG_Blue_2762,1.0,Z
GGG_Blue_3143,1.0,Z
GGG_Blue_5448,1.0,Z
GGG_Blue_9642,1.0,Z
GGG_Clear_3876,1.0,Z
GGG_Clear_4484,1.0,Z
GGG_Clear_4848,1.0,Z
GGG_Clear_6751,1.0,Z
GGG_Clear_7869,1.0,Z
GGG_Clear_9364,1.0,Z
GGG_Green_1753,1.0,Z
GGG_Green_4062,1.0,Z
GGG_Green_4909,1.0,Z
GGG_Green_6367,1.0,Z
GGG_Green_7035,1.0,Z
GGG_Green_8168,1.0,Z
GGG_Green_8833,1.0,Z
GGG_Pink_2020,1.0,Z
GGG_Pink_2598,1.0,Z
GGG_Pink_3547,1.0,Z
GGG_Pink_4100,1.0,Z
GGG_Pink_4187,1.0,Z
GGG_Pink_4564,1.0,Z
GGG_Pink_5778,1.0,Z
GGG_Pink_6405,1.0,Z
GGG_Pink_9388,1.0,Z
GGG_Pink_9489,1.0,Z
GGG_Purple_1161,1.0,Z
GGG_Purple_3146,1.0,Z
GGG_Purple_4170,1.0,Z
GGG_Purple_4253,1.0,Z
GGG_Purple_4715,1.0,Z
GGG_Purple_4980,1.0,Z
GGG_Purple_5051,1.0,Z
GGG_Purple_5110,1.0,Z
GGG_Purple_5348,1.0,Z
GGG_Purple_6176,1.0,Z
GGG_Purple_7207,1.0,Z
GGG_Purple_9523,1.0,Z
GGG_Red_4578,1.0,Z
GGG_Red_4652,1.0,Z
GGG_Red_8772,1.0,Z
GGG_Red_8906,1.0,Z
GGG_Red_8930,1.0,Z
GGG_Red_9072,1.0,Z
GGG_Titanium_1488,1.0,Z
GGG_Titanium_4851,1.0,Z
GGG_Titanium_5888,1.0,Z
GGG_Titanium_7551,1.0,Z
GGG_Titanium_7570,1.0,Z
GGG_Titanium_9467,1.0,Z
GGG_White_2841,1.0,Z
GGG_White_4316,1.0,Z
GGG_White_4936,1.0,Z
GGG_White_5000,1.0,Z
GGG_White_7632,1.0,Z
GGG_White_9441,1.0,Z
GGG_White_9618,1.0,Z
HHH_Black_2849,1.0,Z
HHH_Black_4468,1.0,Z
HHH_Black_4644,1.0,Z
HHH_Black_9818,1.0,Z
HHH_Blue_2269,1.0,Z
HHH_Blue_5098,1.0,Z
HHH_Blue_6459,1.0,Z
HHH_Blue_6556,1.0,Z
HHH_Blue_7358,1.0,Z
HHH_Blue_8671,1.0,Z
HHH_Blue_9302,1.0,Z
HHH_Blue_9425,1.0,Z
HHH_Clear_1031,1.0,Z
HHH_Clear_1273,1.0,Z
HHH_Clear_1848,1.0,Z
HHH_Clear_3600,1.0,Z
HHH_Clear_4657,1.0,Z
HHH_Clear_5678,1.0,Z
HHH_Clear_7819,1.0,Z
HHH_Clear_7934,1.0,Z
HHH_Clear_8087,1.0,Z
HHH_Clear_8504,1.0,Z
HHH_Clear_8794,1.0,Z
HHH_Green_1488,1.0,Z
HHH_Green_2539,1.0,Z
HHH_Green_4614,1.0,Z
HHH_Green_5116,1.0,Z
HHH_Green_6528,1.0,Z
HHH_Green_6659,1.0,Z
HHH_Pink_1353,1.0,Z
HHH_Pink_1972,1.0,Z
HHH_Pink_4655,1.0,Z
HHH_Pink_5159,1.0,Z
HHH_Pink_5858,1.0,Z
HHH_Pink_7270,1.0,Z
HHH_Pink_7589,1.0,Z
HHH_Pink_7833,1.0,Z
HHH_Pink_8063,1.0,Z
HHH_Pink_8206,1.0,Z
HHH_Pink_8731,1.0,Z
HHH_Pink_8971,1.0,Z
HHH_Purple_1747,1.0,Z
HHH_Purple_2012,1.0,Z
HHH_Purple_2646,1.0,Z
HHH_Purple_3275,1.0,Z
HHH_Purple_4677,1.0,Z
HHH_Purple_7128,1.0,Z
HHH_Purple_7181,1.0,Z
HHH_Purple_8562,1.0,Z
HHH_Red_3578,1.0,Z
HHH_Red_3612,1.0,Z
HHH_Red_3860,1.0,Z
HHH_Red_3959,1.0,Z
HHH_Red_4760,1.0,Z
HHH_Red_5000,1.0,Z
HHH_Red_5637,1.0,Z
HHH_Titanium_2732,1.0,Z
HHH_Titanium_3383,1.0,Z
HHH_Titanium_3434,1.0,Z
HHH_Titanium_6539,1.0,Z
HHH_Titanium_8232,1.0,Z
HHH_Titanium_9359,1.0,Z
HHH_White_1139,1.0,Z
HHH_White_1327,1.0,Z
HHH_White_3457,1.0,Z
HHH_White_3648,1.0,Z
HHH_White_3901,1.0,Z
HHH_White_4492,1.0,Z
HHH_White_4628,1.0,Z
HHH_White_7443,1.0,Z
HHH_White_7575,1.0,Z
HHH_White_7627,1.0,Z
HHH_White_8048,1.0,Z
HHH_White_8297,1.0,Z
